"Time","DC Machine1:Armature current","DC Machine1:Field current","DC Machine1:Rotational speed","DC Machine1:Electrical torque"
0,0,3.5,0,0
9.9999999999999995e-07,0.45998019565715731,3.5,-0.0012221176090753674,0.67351472114156652
9.0000000000000002e-06,4.1383958117420825,3.5,-0.010900197897384709,6.0595445791678513
7.2999999999999999e-05,33.474433881848569,3.5,-0.082011025544993468,49.014118899391001
0.00039714817324656119,179.56011877048599,3.5,-0.27174824643311707,262.9165004573141
0.00098157232736821717,432.38483646346941,3.5,0.084990434035016771,633.10889317850581
0.0018188351006619219,770.86135230732998,3.5,2.0802255756897052,1128.7148308555741
0.0025934065434066837,1059.138749617367,3.5,5.3739683830770826,1550.8179402803137
0.0035934065434066837,1396.2427433304242,3.5,11.501262496994752,2044.4141960864745
0.0045934065434066838,1694.3780203041931,3.5,19.524873326210354,2480.9514640585835
0.0055934065434066838,1954.4074245685701,3.5,29.214543337117227,2861.6931424074141
0.0065934065434066838,2177.437965634952,3.5,40.345912059108727,3188.2601426622205
0.0075934065434066838,2364.7905283937189,3.5,52.701882669762895,3462.5865381309495
0.0085934065434066838,2517.9704180078079,3.5,66.073812311565547,3686.8764349829985
0.009593406543406683,2638.6389210012348,3.5,80.26252537876104,3863.562331270507
0.010593406543406684,2728.5859922221071,3.5,95.079165151357387,3995.2651244837602
0.011593406543406685,2789.704232283751,3.4999999999999969,110.34588296258339,4084.7560086575245
0.012593406543406686,2823.9642244872857,3.5000000000000022,125.8963764075562,4134.9203620647677
0.013593406543406687,2833.3913635631038,3.5,141.57628554229558,4148.7238192695722
0.014593406543406687,2820.0442295649268,3.5,157.24345456251831,4129.1806056319101
0.015593406543406688,2785.9945090977458,3.5000000000000031,172.76806951811986,4079.3241374580221
0.016593406543406689,2733.308567243389,3.5000000000000009,188.03268056433726,4002.1800391443471
0.01759340654340669,2664.0306365896945,3.5000000000000013,202.93211909147229,3900.7415281257881
0.018593406543406691,2580.1676453801642,3.4999999999999987,217.37331958731272,3777.947199865871
0.019593406543406692,2483.6756510207483,3.4999999999999991,231.27505565598679,3636.6611634517853
0.020593406543406693,2376.4478822321435,3.4999999999999996,244.56759935281792,3479.6555326091102
0.021593406543406694,2260.3043249744437,3.4999999999999996,257.1923148016333,3309.5951771473865
0.022593406543406695,2136.9828211357558,3.4999999999999996,269.10119248890612,3129.0246894332163
0.023593406543406695,2008.1316031838712,3.4999999999999996,280.2563370291,2940.3574534370432
0.024593406543406696,1875.3032591778008,3.4999999999999996,290.62941204782527,2745.866808149296
0.025593406543406697,1739.949975521286,3.4999999999999996,300.20105508524119,2547.6790818988816
0.026593406543406698,1603.4200469855882,3.4999999999999996,308.96026710577036,2347.7684822396377
0.027593406543406699,1466.9555474623276,3.4999999999999996,316.9037832171486,2147.9536854073035
0.0285934065434067,1331.691109425306,3.4999999999999996,324.03543646753081,1949.8960491764212
0.029593406543406701,1198.6536692021079,3.4999999999999996,330.36551271761334,1755.0992398805276
0.030593406543406702,1068.7631884608379,3.4999999999999996,335.91011069946126,1564.9102888314148
0.031593406543406699,942.83413032295732,3.4999999999999996,340.69050688361131,1380.5217536811515
0.0325934065434067,821.577770609558,3.4999999999999996,344.73253168551105,1202.9751026077599
0.033593406543406701,705.60511494671778,3.4999999999999996,348.06596233770364,1033.1649856151951
0.034593406543406702,595.430440133297,3.4999999999999996,350.72393350838507,871.84441989429308
0.035593406543406703,491.47530262596348,3.4999999999999996,352.74237244058315,719.63065914866672
0.036593406543406704,394.07301356093694,3.4999999999999996,354.15945733709378,577.01174603555205
0.037593406543406704,303.47344280327241,3.4999999999999996,355.01510564964968,444.35354637715864
0.038593406543406705,219.84810947800781,3.4999999999999996,355.35049017344119,321.90720284606459
0.039593406543406706,143.29549873048367,3.4999999999999996,355.20758716817681,209.81691990112895
0.040593406543406707,73.84651650026494,3.4999999999999996,354.62875657973046,108.12795080643626
0.041593406543406708,11.470056263222489,3.4999999999999996,353.65635484588989,16.794748596872918
0.042593406543406709,-43.921404963054179,3.4999999999999996,352.33238141322886,-64.310840108180983
0.04359340654340671,-92.466225181676293,3.4999999999999996,350.69815857412874,-135.39140262175104
0.044593406543406711,-134.34806256826727,3.4999999999999996,348.79404436742158,-196.71585592354251
0.045593406543406712,-169.79044215607698,3.4999999999999996,346.65917834337404,-248.61149106186323
0.046593406543406712,-199.05145612457906,3.4999999999999996,344.33125948523747,-291.4562131811698
0.047593406543406713,-222.41863292567837,3.4999999999999996,341.84635512684002,-325.67102876594419
0.048593406543406714,-240.20400035758388,3.4999999999999996,339.23874008545516,-351.71281686768316
0.049593406543406715,-252.73937025296803,3.4999999999999996,336.54076445168204,-370.06742482517183
0.050593406543406716,-260.37186384448222,3.4999999999999996,333.78274904464223,-381.24311639067344
0.051593406543406717,-263.45969238829275,3.4999999999999996,330.99290664701323,-385.76439361141621
0.052593406543406718,-262.36821108972015,3.4999999999999996,328.19728774036651,-384.16621888698245
0.053593406543406719,-257.4662495974186,3.4999999999999996,325.41974891889066,-376.98864198540002
0.054593406543406719,-249.12273189469704,3.4999999999999996,322.68194238365976,-364.77185080190162
0.05559340654340672,-237.70358613724088,3.4999999999999996,320.00332478076803,-348.05164666459052
0.056593406543406721,-223.568944791978,3.4999999999999996,317.40118355106489,-327.35534470643756
0.057593406543406722,-207.07063339968417,3.4999999999999996,314.89067920544875,-303.19809684751095
0.058593406543406723,-188.54994640279492,3.4999999999999996,312.48490171602691,-276.079635105394
0.059593406543406724,-168.33570183319466,3.4999999999999996,310.19493931796057,-246.48142321948649
0.060593406543406725,-146.74256705130622,3.4999999999999996,308.0299582291334,-214.86420515552535
0.061593406543406726,-124.06964877063379,3.4999999999999996,305.9972913616553,-181.66594058359928
0.062593406543406727,-100.59933127248655,3.4999999999999996,304.10253496818677,-147.30010376254896
0.063593406543406727,-76.596358140357808,3.4999999999999996,302.34965125726524,-112.15433899205074
0.064593406543406728,-52.307136351844434,3.4999999999999996,300.74107596718665,-76.589441646275858
0.065593406543406729,-27.959256768033455,3.4999999999999996,299.27782939213125,-40.938656062234095
0.06659340654340673,-3.7612132613412186,3.4999999999999996,297.95962974346168,-5.5072642796002418
0.067593406543406731,20.097698634276959,3.4999999999999996,296.78500741243005,29.42756235823099
0.068593406543406732,43.447309737388139,3.4999999999999996,295.75141965977218,63.616657800499624
0.069593406543406733,66.136351938885412,3.4999999999999996,294.85536408566713,96.838531428077587
0.070593406543406734,88.03209633074421,3.4999999999999996,294.09249063013181,128.89883819237454
0.071593406543406735,109.01986702360375,3.4999999999999996,293.45771077789038,159.62966673465439
0.072593406543406735,129.00244423404843,3.4999999999999996,292.94530366017455,188.88866537122547
0.073593406543406736,147.89937553982386,3.4999999999999996,292.54901828460271,216.5580336157812
0.074593406543406737,165.64620391039676,3.4999999999999996,292.26217139693892,242.54339184207871
0.075593406543406738,182.1936301099698,3.4999999999999996,292.07774053918519,266.77255485309428
0.076593406543406739,197.50662006582576,3.4999999999999996,291.98845187887349,289.1942248670116
0.07759340654340674,211.5634695111973,3.4999999999999996,291.98686269377208,309.77662194348255
0.078593406543406741,224.35483832004931,3.4999999999999996,292.06543803637521,328.50607003201321
0.079593406543406742,235.88276431652116,3.4999999999999996,292.21662166161428,345.38555296662491
0.080593406543406743,246.15966679018626,3.4999999999999996,292.43290097943265,360.43325538751048
0.081593406543406743,255.20734937449726,3.4999999999999996,292.70686608802572,373.68110273025036
0.082593406543406744,263.05601005470396,3.4999999999999996,293.03126283862332,385.17331165418454
0.083593406543406745,269.74326641564954,3.4999999999999996,293.3990400565213,394.96496278540292
0.084593406543406746,275.31320271596735,3.4999999999999996,293.80339096982732,403.12060541850644
0.085593406543406747,279.81544495891416,3.4999999999999996,294.23778907063462,409.71290321175803
0.086593406543406748,283.30426915387022,3.4999999999999996,294.69601850578249,414.82132848085195
0.087593406543406749,285.8377478066576,3.4999999999999996,295.1721992987035,418.53091246829388
0.08859340654340675,287.47693763102541,3.4999999999999996,295.66080755284241,420.93105596986334
0.089593406543406751,288.28511275704045,3.4999999999999996,296.15669096964581,422.11440657880411
0.090593406543406751,288.32704512196176,3.4999999999999996,296.65507991844987,422.17580501580949
0.091593406543406752,287.6683340784067,3.4999999999999996,297.15159435037674,421.21130352422017
0.092593406543406753,286.37478750320412,3.4999999999999996,297.64224686464576,419.31725967383983
0.093593406543406754,284.51185379261352,3.4999999999999996,298.12344223592055,416.58950467386404
0.094593406543406755,282.1441056663075,3.4999999999999996,298.59197369696091,413.12258754552079
0.095593406543406756,279.33477638919845,3.4999999999999996,299.04501630060702,409.00909604625372
0.096593406543406757,276.14534643851306,3.4999999999999996,299.48011766321582,404.33905145712203
0.097593406543406758,272.63518086298018,3.4999999999999996,299.89518638079164,399.19937759488505
0.098593406543406759,268.86121497678261,3.4999999999999996,300.2884784532672,393.67344059707858
0.099593406543406759,264.87768809942082,3.4999999999999996,300.65858193646449,387.84065905714033
0.10059340654340676,260.73592231891308,3.4999999999999996,301.00440017203493,381.77618008385093
0.10159340654340676,256.48414448051756,3.4999999999999996,301.32513380736327,375.55061865268613
0.10259340654340676,252.16734994174809,3.4999999999999996,301.62026189430907,369.22985811243933
0.10359340654340676,247.82720458147003,3.4999999999999996,301.88952227143858,362.87490670444373
0.10459340654340676,243.50198323331981,3.4999999999999996,302.13289148701944,356.54180741521651
0.10559340654340676,239.22654175759769,3.4999999999999996,302.35056444570665,350.28159708341269
0.10659340654340677,235.03232004106428,3.4999999999999996,302.54293398843686,344.14031079220376
0.10759340654340677,230.94737334351998,3.4999999999999996,302.71057057308627,338.15902776773777
0.10859340654340677,226.99642915002536,3.4999999999999996,302.85420222027648,332.37395462360877
0.10959340654340677,223.20096693051264,3.4999999999999996,302.97469486944681,326.81654214691207
0.11059340654340677,219.57931832554567,3.4999999999999996,303.07303327043263,321.51363199278637
0.11159340654340677,216.14678484017114,3.4999999999999996,303.15030253456365,316.48762901474896
0.11259340654340677,212.91577078330076,3.4999999999999996,303.20767042492236,311.75669591792598
0.11359340654340677,209.89592903642949,3.4999999999999996,303.24637048513802,307.33496669732358
0.11459340654340677,207.09431713372553,3.4999999999999996,303.26768607195373,303.23277517427169
0.11559340654340677,204.51556166074678,3.4999999999999996,303.27293534819881,299.4568957132131
0.11659340654340677,202.16202895038296,3.4999999999999996,303.26345726584321,296.01079315905071
0.11759340654340678,200.03399970619233,3.4999999999999996,303.24059859337285,292.89487852508586
0.11859340654340678,198.12984626121462,3.4999999999999996,303.20570198734998,290.10676853988815
0.11959340654340678,196.44621040841773,3.4999999999999996,303.16009512929094,287.641546031166
0.12059340654340678,194.97818033375469,3.4999999999999996,303.1050809213362,285.49201899565628
0.12159340654340678,193.71946549866257,3.4999999999999996,303.04192872867685,283.64897666653462
0.12259340654340678,192.6625677847062,3.4999999999999996,302.97186666405815,282.10144010776276
0.12359340654340678,191.79894808395326,3.4999999999999996,302.89607487386542,280.83690613996009
0.12459340654340678,191.1191873238441,3.4999999999999996,302.81567980511818,279.84158311712036
0.12559340654340678,190.61314078107017,3.4999999999999996,302.73174941831007,279.10061687692365
0.12659340654340678,190.27008540826264,3.4999999999999996,302.64528929385341,278.59830646022738
0.12759340654340678,190.07885914179153,3.4999999999999996,302.55723960159452,278.31830808909478
0.12859340654340679,190.02799201925322,3.4999999999999996,302.46847287304053,278.24382715236072
0.12959340654340679,190.10582849250991,3.4999999999999996,302.37979253323664,278.35779729949985
0.13059340654340679,190.3006407410667,3.4999999999999996,302.29193213515413,278.64304635696033
0.13159340654340679,190.60073296207187,3.4999999999999996,302.20555524439993,279.0824490322392
0.13259340654340679,190.99453632548028,3.4999999999999996,302.12125591795348,279.65906594965168
0.13359340654340679,191.4706946560888,3.4999999999999996,302.03955972346142,280.3562691081504
0.13459340654340679,192.01814109824139,3.4999999999999996,301.96092524243062,281.15785413573963
0.13559340654340679,192.62616562451535,3.4999999999999996,301.88574600361051,282.04813913741367
0.13659340654340679,193.28447385133862,3.4999999999999996,301.81435279368139,283.01205081448188
0.13759340654340679,193.98323724760553,3.4999999999999996,301.74701629513879,284.03519798130344
0.13859340654340679,194.71313520647902,3.4999999999999996,301.68394999478107,285.10393316789151
0.13959340654340679,195.46538916673299,3.4999999999999996,301.62531332475584,286.20540258125237
0.1405934065434068,196.23178932690547,3.4999999999999996,301.57121498186433,287.32758522092877
0.1415934065434068,197.00471432647271,3.4999999999999996,301.52171638740856,288.45932169667668
0.1425934065434068,197.77714422584359,3.4999999999999996,301.47683524097528,289.59033323410375
0.1435934065434068,198.54266742305109,3.4999999999999996,301.43654913620247,290.71123180226493
0.1445934065434068,199.29548187260386,3.4999999999999996,301.40079920227282,291.81352189833632
0.1455934065434068,200.03039110199529,3.4999999999999996,301.36949373100327,292.88959471488613
0.1465934065434068,200.74279549633999,3.4999999999999996,301.342511771327,293.93271537861733
0.1475934065434068,201.42867937593334,3.4999999999999996,301.31970665527314,294.93700402900117
0.1485934065434068,202.08459428446471,3.4999999999999996,301.30090943823757,295.8974113484532
0.1495934065434068,202.70763897716634,3.4999999999999996,301.28593222884223,296.80968926047103
0.1505934065434068,203.29543658393541,3.4999999999999996,301.27457138702607,297.67035749129593
0.15159340654340681,203.84610931673268,3.4999999999999996,301.26661058329785,298.47666653584156
0.15259340654340681,204.35825121768059,3.4999999999999996,301.26182369699308,299.22655775476466
0.15359340654340681,204.83089927818659,3.4999999999999996,301.2599775502033,299.91862108635007
0.15459340654340681,205.26350339234753,3.4999999999999996,301.26083446141888,300.55205105151964
0.15559340654340681,205.65589538536688,3.4999999999999996,301.26415462038381,301.12660140445178
0.15659340654340681,206.00825756710981,3.4999999999999996,301.26969827502364,301.64253908789567
0.15759340654340681,206.32109102520562,3.4999999999999996,301.2772277299552,302.10059780712407
0.15859340654340681,206.59518401617311,3.4999999999999996,301.28650915481268,302.50193174741378
0.15959340654340681,206.83158065958065,3.4999999999999996,301.29731420575183,302.84806973523729
0.16059340654340681,207.0315501801573,3.4999999999999996,301.30942146156178,303.14087020177823
0.16159340654340681,207.19655694106243,3.4999999999999996,301.32261767766653,303.38247730488126
0.16259340654340682,207.32823140761806,3.4999999999999996,301.33669886417277,303.57527841340936
0.16359340654340682,207.42834222874325,3.4999999999999996,301.35147119401012,303.72186322816873
0.16459340654340682,207.4987695624099,3.4999999999999996,301.36675174742851,303.82498472436157
0.16559340654340682,207.54147977148389,3.4999999999999996,301.38236910194922,303.88752210059204
0.16659340654340682,207.55850157266642,3.4999999999999996,301.39816377511545,303.91244585553846
0.16759340654340682,207.5519037148112,3.4999999999999996,301.4139885293132,303.9027851039769
0.16859340654340682,207.523774251605,3.4999999999999996,301.42970854821743,303.86159722731162
0.16959340654340682,207.47620143431271,3.4999999999999996,301.44520149414001,303.79193989624599
0.17059340654340682,207.41125624274568,3.4999999999999996,301.46035745636158,303.6968454921809
0.17159340654340682,207.33097656782721,3.4999999999999996,301.47507879971312,303.5792979469245
0.17259340654340682,207.23735302936262,3.4999999999999996,301.48927992393203,303.4422119767097
0.17359340654340683,207.13231641669626,3.4999999999999996,301.50288694334074,303.28841469248408
0.17459340654340683,207.01772669873955,3.4999999999999996,301.51583729544041,303.12062950811315
0.17559340654340683,206.89536358506572,3.4999999999999996,301.52807928951813,302.94146231969478
0.17659340654340683,206.76691855870405,3.4999999999999996,301.53957160271,302.75338983977332
0.17759340654340683,206.63398833382297,3.4999999999999996,301.55028273283835,302.55875001791281
0.17859340654340683,206.49806967682431,3.4999999999999996,301.56019041647863,302.35973445761113
0.17959340654340683,206.36055549865242,3.4999999999999996,301.5692810195896,302.15838269455935
0.18059340654340683,206.22273215624281,3.4999999999999996,301.577548909173,301.95657824535436
0.18159340654340683,206.08577787057038,3.4999999999999996,301.5849958114008,301.75604629116441
0.18259340654340683,205.9507621947557,3.4999999999999996,301.59163016352966,301.55835289891706
0.18359340654340683,205.81864642999881,3.4999999999999996,301.59746646646323,301.36490563031992
0.18459340654340683,205.69028490466749,3.4999999999999996,301.602524640978,301.17695541473444
0.18559340654340684,205.56642704863918,3.4999999999999996,301.60682939521945,300.9955995864799
0.18659340654340684,205.44772015593031,3.4999999999999996,301.61040960630572,300.82178592994586
0.18759340654340684,205.33471277009224,3.4999999999999996,301.61329771962716,300.65631763657524
0.18859340654340684,205.22785859919105,3.4999999999999996,301.61552917128228,300.4998590372773
0.18959340654340684,205.12752088144174,3.4999999999999996,301.61714183424994,300.35294199470036
0.19059340654340684,205.0339771478985,3.4999999999999996,301.61817549212833,300.21597287688451
0.19159340654340684,204.94742427064074,3.4999999999999996,301.61867134253072,300.08923994894405
0.19259340654340684,204.86798376442866,3.4999999999999996,301.61867153084347,299.97292113588662
0.19359340654340684,204.79570725602588,3.4999999999999996,301.6182187168078,299.86709203093471
0.19459340654340684,204.73058206836726,3.4999999999999996,301.61735567347228,299.77173407200667
0.19559340654340684,204.67253686132435,3.4999999999999996,301.61612492034681,299.68674280106893
0.19659340654340685,204.62144727641351,3.4999999999999996,301.61456838973669,299.61193612926144
0.19759340654340685,204.57714153964787,3.4999999999999996,301.61272712698576,299.54706254073648
0.19859340654340685,204.53940597672988,3.4999999999999996,301.61064102383489,299.49180916814396
0.19959340654340685,204.50799040602806,3.4999999999999996,301.60834858439608,299.44580968916529
0.20059340654340685,204.48261337119382,3.4999999999999996,301.6058867228632,299.40865198824434
0.20159340654340685,204.46296718414791,3.4999999999999996,301.60329059188939,299.37988554065674
0.20259340654340685,204.44872275259732,3.4999999999999996,301.60059344050268,299.35902848108287
0.20359340654340685,204.43953417548596,3.4999999999999996,301.59782650008754,299.3455743323841
0.20459340654340685,204.43504307584757,3.4999999999999996,301.59501889711487,299.33899834987636
0.20559340654340685,204.43488267209727,3.4999999999999996,301.5921975909398,299.33876348261862
0.20659340654340685,204.4386815657106,3.4999999999999996,301.58938733503982,299.34432591942959
0.20759340654340686,204.44606724002432,3.4999999999999996,301.58661066004635,299.35514021192046
0.20859340654340686,204.45666927130009,3.4999999999999996,301.58388787681292,299.37066397621652
0.20959340654340686,204.47012224226458,3.4999999999999996,301.58123709773264,299.39036215903661
0.21059340654340686,204.48606836620496,3.4999999999999996,301.57867427464777,299.41371087996066
0.21159340654340686,204.50415981795183,3.4999999999999996,301.57621325150836,299.44020084451432
0.21259340654340686,204.52406078385175,3.4999999999999996,301.57386583009469,299.46934034579084
0.21359340654340686,204.54544923314276,3.4999999999999996,301.57164184721694,299.50065785814439
0.21459340654340686,204.56801842315164,3.4999999999999996,301.56954926160387,299.53370424113814
0.21559340654340686,204.59147814694896,3.4999999999999996,301.56759424905255,299.56805456639256
0.21659340654340686,204.61555573387281,3.4999999999999996,301.56578130431546,299.60330958257777
0.21759340654340686,204.63999681952126,3.4999999999999996,301.56411334821712,299.63909684285625
0.21859340654340687,204.66456589456951,3.4999999999999996,301.56259183864734,299.67507150847456
0.21959340654340687,204.68904665083582,3.4999999999999996,301.56121688441351,299.71091685548237
0.22059340654340687,204.71324213548135,3.4999999999999996,301.55998736033268,299.74634450051531
0.22159340654340687,204.73697473074435,3.4999999999999996,301.55890102292466,299.78109437112153
0.22259340654340687,204.76008597417032,3.4999999999999996,301.5579546253685,299.81493444253817
0.22359340654340687,204.78243623395434,3.4999999999999996,301.55714403098619,299.8476602623191
0.22459340654340687,204.80390425447396,3.4999999999999996,301.55646432440528,299.8790942848928
0.22559340654340687,204.82438658857225,3.4999999999999996,301.55590991967074,299.90908504029659
0.22659340654340687,204.8437969287279,3.4999999999999996,301.55547466460155,299.93750615485897
0.22759340654340687,204.86206535338647,3.4999999999999996,301.55515194095074,299.96425524765857
0.22859340654340687,204.87913750017137,3.4999999999999996,301.55493475981746,299.98925271991862
0.22959340654340687,204.89497368177905,3.4999999999999996,301.55481585196924,300.01244046047822
0.23059340654340688,204.90954795369785,3.4999999999999996,301.55478775264817,300.03378048072238
0.23159340654340688,204.9228471490961,3.4999999999999996,301.55484288083011,300.05325350144068
0.23259340654340688,204.93486988832188,3.4999999999999996,301.55497361255897,300.07085750251173
0.23359340654340688,204.94562557621404,3.4999999999999996,301.55517234833746,300.08660625474016
0.23459340654340688,204.95513339528787,3.4999999999999996,301.5554315745278,300.10052784565346
0.23559340654340688,204.96342130383786,3.4999999999999996,301.555743918757,300.11266321249883
0.23659340654340688,204.97052504718053,3.4999999999999996,301.55610219933038,300.1230646944793
0.23759340654340688,204.97648718853077,3.4999999999999996,301.55649946884841,300.13179461373846
0.23859340654340688,204.98135616657177,3.4999999999999996,301.5569290521006,300.13892389543037
0.23959340654340688,204.9851853852384,3.4999999999999996,301.55738457837816,300.1445307349569
0.24059340654340688,204.98803233983165,3.4999999999999996,301.55786000854494,300.14869931840263
0.24159340654340689,204.98995778464399,3.4999999999999996,301.55834965692003,300.15151860375039
0.24259340654340689,204.99102494474332,3.4999999999999996,301.55884820838759,300.15308116675521
0.24359340654340689,204.99129877523941,3.4999999999999996,301.55935073090899,300.15348211634387
0.24459340654340689,204.99084526914621,3.4999999999999996,301.55985268375889,300.15281808116845
0.24559340654340689,204.98973081720516,3.4999999999999996,301.56034992178883,300.1511862722441
0.24659340654340689,204.98802161854556,3.4999999999999996,301.56083869601673,300.14868362002238
0.24759340654340689,204.98578314406487,3.4999999999999996,301.5613156508519,300.14540598865943
0.24859340654340689,204.98307965229213,3.4999999999999996,301.5617778182779,300.14144746713043
0.24959340654340689,204.97997375636291,3.4999999999999996,301.56222260929144,300.13689973518365
0.25059340654340689,204.97652604299898,3.4999999999999996,301.56264780291428,300.13185150544069
0.25159340654340689,204.9727947402454,3.4999999999999996,301.56305153307801,300.12638803688861
0.2525934065434069,204.96883543420279,3.4999999999999996,301.56343227366762,300.12059072011192
0.2535934065434069,204.96470083167873,3.4999999999999996,301.56378882201363,300.11453672976126
0.2545934065434069,204.96044056796993,3.4999999999999996,301.56412028110441,300.10829874310241
0.2555934065434069,204.95610105622885,3.4999999999999996,301.56442604076739,300.10194471945579
0.2565934065434069,204.95172537699275,3.4999999999999996,301.56470575808993,300.09553773844158
0.2575934065434069,204.94735320517717,3.4999999999999996,301.56495933727552,300.08913589308179
0.2585934065434069,204.94302077155155,3.4999999999999996,301.56518690917494,300.08279223339213
0.2595934065434069,204.93876085652218,3.4999999999999996,301.56538881068531,300.07655475727864
0.2605934065434069,204.93460281306037,3.4999999999999996,301.56556556420514,300.07046644410968
0.2615934065434069,204.93057261671666,3.4999999999999996,301.56571785729653,300.06456532794817
0.2625934065434069,204.92669293900238,3.4999999999999996,301.56584652272937,300.05888460499852
0.26359340654340691,204.92298324236745,3.4999999999999996,301.56595251902439,300.05345277267577
0.26459340654340691,204.91945989388446,3.4999999999999996,301.56603691161882,300.04829379606457
0.26559340654340691,204.91613629485516,3.4999999999999996,301.56610085476535,300.0434272976924
0.26659340654340691,204.91302302405248,3.4999999999999996,301.56614557424291,300.03886876726801
0.26759340654340691,204.91012799237643,3.4999999999999996,301.56617235094842,300.03462978813286
0.26859340654340691,204.90745660621334,3.4999999999999996,301.56618250546603,300.03071827645545
0.26959340654340691,204.9050119379641,3.4999999999999996,301.56617738360558,300.02713873092347
0.27059340654340691,204.90279490115313,3.4999999999999996,301.56615834298941,300.02389248914261
0.27159340654340691,204.90080442869515,3.4999999999999996,301.56612674069061,300.02097798865947
0.27259340654340691,204.89903765219995,3.4999999999999996,301.56608392194323,300.01839102950402
0.27359340654340691,204.89749008105522,3.4999999999999996,301.56603120991957,300.01612503640729
0.27459340654340691,204.89615577950158,3.4999999999999996,301.56596989657305,300.01417131807921
0.27559340654340692,204.89502754064111,3.4999999999999996,301.56590123453054,300.01251932199614
0.27659340654340692,204.89409705609091,3.4999999999999996,301.56582643000809,300.01115688281232
0.27759340654340692,204.89335508016615,3.4999999999999996,301.56574663673041,300.01007046276038
0.27859340654340692,204.89279158784052,3.4999999999999996,301.56566295080711,300.0092453829414
0.27959340654340692,204.89239592555049,3.4999999999999996,301.56557640653068,300.00866604413625
0.28059340654340692,204.89215695433359,3.4999999999999996,301.5654879730576,300.00831613639235
0.28159340654340692,204.89206318472625,3.4999999999999996,301.565398551915,300.0081788365444
0.28259340654340692,204.8921029028279,3.4999999999999996,301.56530897528921,300.00823699280068
0.28359340654340692,204.89226428758653,3.4999999999999996,301.56522000504003,300.00847329647576
0.28459340654340692,204.89253551878494,3.4999999999999996,301.56513233238803,300.00887044010648
0.28559340654340692,204.89290487569443,3.4999999999999996,301.56504657821841,300.00941126190327
0.28659340654340693,204.89336082644255,3.4999999999999996,301.56496329394719,300.01007887660467
0.28759340654340693,204.89389210819709,3.4999999999999996,301.56488296289268,300.01085679288485
0.28859340654340693,204.89448779802268,3.4999999999999996,301.56480600209784,300.01172901710356
0.28959340654340693,204.89513737496097,3.4999999999999996,301.56473276454994,300.01268014420549
0.29059340654340693,204.89583077330929,3.4999999999999996,301.56466354174569,300.01369543573242
0.29159340654340693,204.89655842753868,3.4999999999999996,301.56459856654544,300.01476088559315
0.29259340654340693,204.89731130919873,3.4999999999999996,301.5645380162764,300.01586327410052
0.29359340654340693,204.89808095610209,3.4999999999999996,301.56448201602984,300.01699021070431
0.29459340654340693,204.89885949433449,3.4999999999999996,301.56443064211157,300.01813016621855
0.29559340654340693,204.89963965338237,3.4999999999999996,301.56438392560312,300.01927249497214
0.29659340654340693,204.90041477493219,3.4999999999999996,301.56434185599528,300.02040744769272
0.29759340654340694,204.90117881587267,3.4999999999999996,301.56430438485546,300.02152617590286
0.29859340654340694,204.90192634577633,3.4999999999999996,301.56427142949502,300.0226207282322
0.29959340654340694,204.90265253957773,3.4999999999999996,301.56424287661127,300.02368403969706
0.30059340654340694,204.90335316579672,3.4999999999999996,301.56421858586634,300.02470991445631
0.30159340654340694,204.90402457076601,3.4999999999999996,301.56419839338866,300.02569300271739
0.30259340654340694,204.90466365947145,3.4999999999999996,301.56418211516558,300.02662877268159
0.30359340654340694,204.90526787328437,3.4999999999999996,301.5641695503175,300.02751347793969
0.30459340654340694,204.90583516521812,3.4999999999999996,301.56416048422517,300.02834412124167
0.30559340654340694,204.90636397297942,3.4999999999999996,301.56415469150744,300.02911841503794
0.30659340654340694,204.90685319029348,3.4999999999999996,301.56415193882958,300.02983473949269
0.30759340654340694,204.90730213691234,3.4999999999999996,301.56415198753888,300.0304920985696
0.30859340654340695,204.90771052763361,3.4999999999999996,301.5641545961148,300.03109007466799
0.30959340654340695,204.90807844066535,3.4999999999999996,301.56415952243577,300.03162878230222
0.31059340654340695,204.90840628571343,3.4999999999999996,301.56416652585187,300.03210882137392
0.31159340654340695,204.9086947720123,3.4999999999999996,301.56417536907094,300.03253123036234
0.31259340654340695,204.90894487662786,3.4999999999999996,301.56418581985099,300.03289743991223
0.31359340654340695,204.90915781323159,3.4999999999999996,301.56419765250655,300.03320922711225
0.31459340654340695,204.9093350016075,3.4999999999999996,301.56421064923074,300.03346867084639
0.31559340654340695,204.90947803803897,3.4999999999999996,301.56422460123588,300.03367810843343
0.31659340654340695,204.90958866678065,3.4999999999999996,301.5642393097225,300.03384009385542
0.31759340654340695,204.90966875275453,3.4999999999999996,301.56425458668087,300.03395735777866
0.31859340654340695,204.90972025557775,3.4999999999999996,301.56427025553307,300.03403276952457
0.31959340654340695,204.9097452050357,3.4999999999999996,301.56428615162451,300.03406930115648
0.32059340654340696,204.90974567807709,3.4999999999999996,301.56430212257357,300.03406999379575
0.32159340654340696,204.90972377741974,3.4999999999999996,301.5643180284884,300.0340379262953
0.32259340654340696,204.90968161174541,3.4999999999999996,301.56433374206102,300.03397618624075
0.32359340654340696,204.90962127757447,3.4999999999999996,301.56434914854793,300.03388784341053
0.32459340654340696,204.90954484278828,3.4999999999999996,301.56436414564746,300.03377592564931
0.32559340654340696,204.90945433181938,3.4999999999999996,301.56437864328353,300.03364339718274
0.32659340654340696,204.90935171248125,3.4999999999999996,301.5643925633064,300.03349313933347
0.32759340654340696,204.90923888438962,3.4999999999999996,301.56440583911882,300.03332793356725
0.32859340654340696,204.90911766896318,3.4999999999999996,301.56441841523844,300.03315044685172
0.32959340654340696,204.90898980093306,3.4999999999999996,301.56443024680465,300.03296321922437
0.33059340654340696,204.90885692131855,3.4999999999999996,301.56444129903934,300.0327686535075
0.33159340654340697,204.90872057176446,3.4999999999999996,301.56445154666949,300.03256900701672
0.33259340654340697,204.90858219022712,3.4999999999999996,301.56446097332048,300.0323663852443
0.33359340654340697,204.90844310787548,3.4999999999999996,301.56446957088673,300.0321627373217
0.33459340654340697,204.90830454716064,3.4999999999999996,301.56447733888803,300.03195985319297
0.33559340654340697,204.90816762096077,3.4999999999999996,301.56448428381702,300.03175936236272
0.33659340654340697,204.90803333271199,3.4999999999999996,301.56449041848504,300.03156273408769
0.33759340654340697,204.90790257744456,3.4999999999999996,301.56449576137095,300.03137127889397
0.33859340654340697,204.90777614363137,3.4999999999999996,301.56450033597918,300.03118615128358
0.33959340654340697,204.9076547157739,3.4999999999999996,301.56450417021057,300.03100835352114
0.34059340654340697,204.9075388776333,3.4999999999999996,301.56450729575084,300.03083874036452
0.34159340654340697,204.9074291160174,3.4999999999999996,301.56450974748049,300.03067802461015
0.34259340654340698,204.90732582506112,3.4999999999999996,301.56451156290774,300.03052678336053
0.34359340654340698,204.90722931091264,3.4999999999999996,301.56451278162956,300.03038546488546
0.34459340654340698,204.90713979674288,3.4999999999999996,301.56451344482053,300.03025439595763
0.34559340654340698,204.90705742802476,3.4999999999999996,301.56451359475335,300.03013378958207
0.34659340654340698,204.90698227800533,3.4999999999999996,301.56451327435082,300.03002375300906
0.34759340654340698,204.90691435330973,3.4999999999999996,301.56451252677158,300.02992429593928
0.34859340654340698,204.90685359962038,3.4999999999999996,301.56451139502889,300.02983533883958
0.34959340654340698,204.90679990737618,3.4999999999999996,301.56450992164406,300.0297567212877
0.35059340654340698,204.9067531174409,3.4999999999999996,301.564508148333,300.02968821027241
0.35159340654340698,204.90671302670245,3.4999999999999996,301.56450611572751,300.02962950839185
0.35259340654340698,204.90667939355347,3.4999999999999996,301.56450386312866,300.02958026187827
0.35359340654340699,204.90665194322412,3.4999999999999996,301.56450142829328,300.02954006840667
0.35459340654340699,204.90663037293152,3.4999999999999996,301.56449884725106,300.02950848463468
0.35559340654340699,204.90661435682071,3.4999999999999996,301.56449615415244,300.0294850334372
0.35659340654340699,204.90660355067465,3.4999999999999996,301.56449338114476,300.02946921080286
0.35759340654340699,204.90659759636819,3.4999999999999996,301.56449055827625,300.02946049235567
0.35859340654340699,204.90659612606041,3.4999999999999996,301.56448771342548,300.02945833949354
0.35959340654340699,204.90659876610232,3.4999999999999996,301.56448487225521,300.02946220511018
0.36059340654340699,204.90660514066079,3.4999999999999996,301.56448205818873,300.02947153890108
0.36159340654340699,204.90661487504448,3.4999999999999996,301.56447929240682,300.02948579223369
0.36259340654340699,204.9066275987382,3.4999999999999996,301.56447659386373,300.02950442259015
0.36359340654340699,204.90664294813845,3.4999999999999996,301.56447397932055,300.02952689757308
0.36459340654340699,204.90666056899806,3.4999999999999996,301.56447146339389,300.02955269848462
0.365593406543407,204.90668011857881,3.4999999999999996,301.56446905861833,300.02958132347879
0.366593406543407,204.90670126752693,3.4999999999999996,301.56446677552077,300.02961229030745
0.367593406543407,204.90672370147141,3.4999999999999996,301.56446462270543,300.0296451386605
0.368593406543407,204.90674712236111,3.4999999999999996,301.56446260694736,300.02967943212388
0.369593406543407,204.90677124955241,3.4999999999999996,301.56446073329329,300.02971475977205
0.370593406543407,204.90679582065417,3.4999999999999996,301.5644590051682,300.02975073740521
0.371593406543407,204.90682059215038,3.4999999999999996,301.56445742448619,300.02978700846108
0.372593406543407,204.90684533980914,3.4999999999999996,301.56445599176476,300.02982324461351
0.373593406543407,204.90686985889772,3.4999999999999996,301.56445470624044,300.02985914608769
0.374593406543407,204.90689396421422,3.4999999999999996,301.56445356598562,300.02989444170618
0.375593406543407,204.90691748995397,3.4999999999999996,301.56445256802471,300.02992888869369
0.37659340654340701,204.90694028942656,3.4999999999999996,301.56445170844927,300.02996227226231
0.37759340654340701,204.90696223463479,3.4999999999999996,301.56445098253096,300.02999440499531
0.37859340654340701,204.90698321573663,3.4999999999999996,301.56445038483156,300.03002512605912
0.37959340654340701,204.90700314039955,3.4999999999999996,301.56444990930964,300.0300543002582
0.38059340654340701,204.90702193306544,3.4999999999999996,301.56444954942282,300.03008181695833
0.38159340654340701,204.90703953413791,3.4999999999999996,301.56444929822555,300.03010758889707
0.38259340654340701,204.90705589910669,3.4999999999999996,301.56444914846196,300.03013155090127
0.38359340654340701,204.90707099762125,3.4999999999999996,301.56444909265309,300.03015365853093
0.38459340654340701,204.9070848125252,3.4999999999999996,301.56444912317869,300.0301738866653
0.38559340654340701,204.90709733886439,3.4999999999999996,301.56444923235296,300.03019222805023
0.38659340654340701,204.90710858287773,3.4999999999999996,301.56444941249441,300.03020869182103
0.38759340654340702,204.90711856098227,3.4999999999999996,301.56444965598979,300.03022330201588
0.38859340654340702,204.90712729875938,3.4999999999999996,301.56444995535168,300.03023609609176
0.38959340654340702,204.90713482995267,3.4999999999999996,301.56445030327029,300.03024712345683
0.39059340654340702,204.90714119548315,3.4999999999999996,301.56445069265925,300.03025644402874
0.39159340654340702,204.90714644249002,3.4999999999999996,301.56445111669569,300.03026412682988
0.39259340654340702,204.90715062340092,3.4999999999999996,301.56445156885434,300.03027024862615
0.39359340654340702,204.90715379503951,3.4999999999999996,301.56445204293664,300.03027489262013
0.39459340654340702,204.90715601777163,3.4999999999999996,301.56445253309437,300.03027814720116
0.39559340654340702,204.90715735469638,3.4999999999999996,301.56445303384828,300.03028010476044
0.39659340654340702,204.90715787088345,3.4999999999999996,301.56445354010219,300.03028086057469
0.39759340654340702,204.90715763265999,3.4999999999999996,301.56445404715259,300.03028051176182
0.39859340654340703,204.90715670694809,3.4999999999999996,301.56445455069422,300.03027915631088
0.39959340654340703,204.90715516065427,3.4999999999999996,301.56445504682159,300.03027689218806
0.40059340654340703,204.90715306011188,3.4999999999999996,301.5644555320273,300.03027381652038
0.40159340654340703,204.90715047057625,3.4999999999999996,301.56445600319717,300.03027002485635
0.40259340654340703,204.90714745577208,3.4999999999999996,301.56445645760226,300.03026561050331
0.40359340654340703,204.90714407749272,3.4999999999999996,301.56445689288864,300.03026066394057
0.40459340654340703,204.90714039525017,3.4999999999999996,301.56445730706469,300.03025527230722
0.40559340654340703,204.90713646597405,3.4999999999999996,301.56445769848665,300.030249518961
0.40659340654340703,204.90713234375835,3.4999999999999996,301.5644580658423,300.03024348310777
0.40759340654340703,204.90712807965326,3.4999999999999996,301.56445840813348,300.0302372394965
0.40859340654340703,204.90712372150082,3.4999999999999996,301.56445872465741,300.03023085817864
0.40959340654340703,204.90711931381111,3.4999999999999996,301.56445901498705,300.0302244043271
0.41059340654340704,204.90711489767716,3.4999999999999996,301.56445927895101,300.03021793811126
0.41159340654340704,204.9071105107258,3.4999999999999996,301.56445951661294,300.03021151462531
0.41259340654340704,204.9071061871015,3.4999999999999996,301.56445972825082,300.03020518386444
0.41359340654340704,204.90710195748071,3.4999999999999996,301.56445991433611,300.03019899074593
0.41459340654340704,204.90709784911419,3.4999999999999996,301.56446007551324,300.03019297517102
0.41559340654340704,204.90709388589406,3.4999999999999996,301.56446021257926,300.03018717212314
0.41659340654340704,204.90709008844325,3.4999999999999996,301.56446032646414,300.03018161179892
0.41759340654340704,204.90708647422457,3.4999999999999996,301.56446041821147,300.0301763197678
0.41859340654340704,204.90708305766677,3.4999999999999996,301.56446048895998,300.03017131715683
0.41959340654340704,204.90707985030517,3.4999999999999996,301.56446053992585,300.03016662085628
0.42059340654340704,204.90707686093424,3.4999999999999996,301.56446057238594,300.03016224374323
0.42159340654340705,204.90707409577007,3.4999999999999996,301.56446058766176,300.03015819491941
0.42259340654340705,204.90707155862034,3.4999999999999996,301.56446058710475,300.03015447996012
0.42359340654340705,204.90706925105968,3.4999999999999996,301.56446057208223,300.03015110117099
0.42459340654340705,204.90706717260898,3.4999999999999996,301.5644605439648,300.03014805785051
0.42559340654340705,204.90706532091585,3.4999999999999996,301.56446050411444,300.03014534655426
0.42659340654340705,204.90706369193569,3.4999999999999996,301.56446045387401,300.03014296136001
0.42759340654340705,204.90706228011106,3.4999999999999996,301.5644603945575,300.03014089413045
0.42859340654340705,204.90706107854845,3.4999999999999996,301.56446032744179,300.03013913477184
0.42959340654340705,204.90706007919056,3.4999999999999996,301.56446025375891,300.03013767148656
0.43059340654340705,204.90705927298427,3.4999999999999996,301.56446017468977,300.03013649101877
0.43159340654340705,204.90705865004168,3.4999999999999996,301.56446009135868,300.03013557889039
0.43259340654340706,204.90705819979439,3.4999999999999996,301.56446000482867,300.03013491962685
0.43359340654340706,204.90705791114095,3.4999999999999996,301.56445991609814,300.03013449697312
0.43459340654340706,204.90705777258498,3.4999999999999996,301.5644598260979,300.03013429409594
0.43559340654340706,204.90705777236542,3.4999999999999996,301.56445973568924,300.03013429377444
0.43659340654340706,204.9070578985777,3.4999999999999996,301.56445964566279,300.03013447857768
0.43759340654340706,204.9070581392852,3.4999999999999996,301.5644595567378,300.03013483102774
0.43859340654340706,204.90705848262218,3.4999999999999996,301.56445946956256,300.03013533375048
0.43959340654340706,204.9070589168866,3.4999999999999996,301.56445938471489,300.03013596961148
0.44059340654340706,204.90705943062383,3.4999999999999996,301.56445930270337,300.03013672183863
0.44159340654340706,204.90706001270101,3.4999999999999996,301.56445922396921,300.03013757413089
0.44259340654340706,204.90706065237245,3.4999999999999996,301.5644591488882,300.03013851075411
0.44359340654340707,204.9070613393362,3.4999999999999996,301.56445907777328,300.03013951662393
0.44459340654340707,204.90706206378172,3.4999999999999996,301.56445901087727,300.03014057737551
0.44559340654340707,204.90706281642989,3.4999999999999996,301.56445894839607,300.03014167942212
0.44659340654340707,204.90706358856423,3.4999999999999996,301.56445889047171,300.03014281000088
0.44759340654340707,204.90706437205591,3.4999999999999996,301.56445883719607,300.03014395720942
0.44859340654340707,204.90706515938069,3.4999999999999996,301.5644587886141,300.03014511003039
0.44959340654340707,204.90706594363013,3.4999999999999996,301.56445874472786,300.0301462583484
0.45059340654340707,204.90706671851581,3.4999999999999996,301.56445870549982,300.03014739295577
0.45159340654340707,204.90706747836896,3.4999999999999996,301.56445867085682,300.03014850555212
0.45259340654340707,204.90706821813438,3.4999999999999996,301.56445864069377,300.03014958873547
0.45359340654340707,204.90706893335968,3.4999999999999996,301.56445861487708,300.03015063598656
0.45459340654340707,204.90706962018069,3.4999999999999996,301.56445859324833,300.03015164164742
0.45559340654340708,204.90707027530343,3.4999999999999996,301.56445857562784,300.03015260089478
0.45659340654340708,204.90707089598206,3.4999999999999996,301.56445856181784,300.03015350970827
0.45759340654340708,204.90707147999493,3.4999999999999996,301.56445855160581,300.0301543648348
0.45859340654340708,204.90707202561796,3.4999999999999996,301.56445854476732,300.03015516374995
0.45959340654340708,204.90707253159627,3.4999999999999996,301.5644585410692,300.03015590461627
0.46059340654340708,204.90707299711431,3.4999999999999996,301.56445854027208,300.03015658623963
0.46159340654340708,204.90707342176455,3.4999999999999996,301.56445854213291,300.03015720802335
0.46259340654340708,204.90707380551638,3.4999999999999996,301.56445854640737,300.03015776992254
0.46359340654340708,204.90707414868325,3.4999999999999996,301.56445855285199,300.03015827239619
0.46459340654340708,204.90707445189088,3.4999999999999996,301.56445856122616,300.03015871636057
0.46559340654340708,204.90707471604503,3.4999999999999996,301.56445857129381,300.03015910314178
0.46659340654340709,204.90707494229983,3.4999999999999996,301.56445858282513,300.03015943442983
0.46759340654340709,204.90707513202668,3.4999999999999996,301.56445859559773,300.03015971223272
0.46859340654340709,204.90707528678416,3.4999999999999996,301.56445860939806,300.03015993883258
0.46959340654340709,204.90707540828905,3.4999999999999996,301.56445862402234,300.0301601167431
0.47059340654340709,204.90707549838802,3.4999999999999996,301.56445863927746,300.03016024866832
0.47159340654340709,204.90707555903131,3.4999999999999996,301.56445865498165,300.03016033746377
0.47259340654340709,204.90707559224748,3.4999999999999996,301.56445867096505,300.03016038609974
0.47359340654340709,204.9070756001197,3.4999999999999996,301.5644586870701,300.03016039762645
0.47459340654340709,204.90707558476339,3.4999999999999996,301.56445870315173,300.03016037514135
0.47559340654340709,204.90707554830624,3.4999999999999996,301.56445871907761,300.03016032175987
0.47659340654340709,204.9070754928689,3.4999999999999996,301.56445873472802,300.03016024058707
0.4775934065434071,204.90707542054821,3.4999999999999996,301.56445874999594,300.03016013469329
0.4785934065434071,204.90707533340168,3.4999999999999996,301.56445876478671,300.03016000709113
0.4795934065434071,204.90707523343355,3.4999999999999996,301.56445877901785,300.03015986071523
0.4805934065434071,204.90707512258251,3.4999999999999996,301.56445879261855,300.0301596984043
0.4815934065434071,204.90707500271154,3.4999999999999996,301.56445880552945,300.03015952288621
0.4825934065434071,204.90707487559862,3.4999999999999996,301.56445881770208,300.0301593367642
0.4835934065434071,204.90707474292918,3.4999999999999996,301.56445882909821,300.03015914250625
0.4845934065434071,204.90707460628997,3.4999999999999996,301.56445883968951,300.03015894243561
0.4855934065434071,204.90707446716436,3.4999999999999996,301.56445884945668,300.03015873872437
0.4865934065434071,204.90707432692892,3.4999999999999996,301.56445885838912,300.03015853338809
0.4875934065434071,204.90707418685091,3.4999999999999996,301.56445886648396,300.03015832828225
0.4885934065434071,204.90707404808725,3.4999999999999996,301.56445887374571,300.03015812510097
0.48959340654340711,204.90707391168428,3.4999999999999996,301.56445888018538,300.03015792537627
0.49059340654340711,204.90707377857854,3.4999999999999996,301.56445888581993,300.03015773047946
0.49159340654340711,204.90707364959837,3.4999999999999996,301.56445889067152,300.03015754162345
0.49259340654340711,204.9070735254665,3.4999999999999996,301.56445889476703,300.03015735986639
0.49359340654340711,204.90707340680291,3.4999999999999996,301.56445889813733,300.03015718611613
0.49459340654340711,204.90707329412845,3.4999999999999996,301.5644589008167,300.03015702113532
0.49559340654340711,204.907073187869,3.4999999999999996,301.5644589028422,300.0301568655475
0.49659340654340711,204.90707308836033,3.4999999999999996,301.56445890425317,300.0301567198444
0.49759340654340711,204.9070729958529,3.4999999999999996,301.5644589050907,300.03015658439267
0.49859340654340711,204.90707291051712,3.4999999999999996,301.56445890539715,300.0301564594418
0.49959340654340711,204.90707283244882,3.4999999999999996,301.5644589052157,300.03015634513224
0.50059340654340712,204.90707276167467,3.4999999999999996,301.56445890458986,300.03015624150294
0.50159340654340712,204.90707269815832,3.4999999999999996,301.56445890356304,300.03015614850068
0.50259340654340712,204.9070726418058,3.4999999999999996,301.56445890217839,300.03015606598785
0.50359340654340712,204.90707259247142,3.4999999999999996,301.56445890047826,300.03015599375124
0.50459340654340712,204.90707254996343,3.4999999999999996,301.56445889850403,300.03015593150991
0.50559340654340712,204.90707251404942,3.4999999999999996,301.56445889629578,300.03015587892372
0.50659340654340712,204.90707248446191,3.4999999999999996,301.56445889389209,300.03015583560091
0.50759340654340712,204.90707246090361,3.4999999999999996,301.56445889132988,300.03015580110628
0.50859340654340712,204.90707244305244,3.4999999999999996,301.5644588886442,300.03015577496814
0.50959340654340712,204.90707243056639,3.4999999999999996,301.56445888586813,300.03015575668576
0.51059340654340712,204.9070724230879,3.4999999999999996,301.56445888303261,300.03015574573556
0.51159340654340713,204.90707242024862,3.4999999999999996,301.56445888016651,300.0301557415782
0.51259340654340713,204.90707242167284,3.4999999999999996,301.56445887729637,300.03015574366356
0.51359340654340713,204.90707242698167,3.4999999999999996,301.56445887444653,300.03015575143689
0.51459340654340713,204.90707243579649,3.4999999999999996,301.56445887163903,300.03015576434382
0.51559340654340713,204.90707244774188,3.4999999999999996,301.56445886889367,300.03015578183454
0.51659340654340713,204.90707246244864,3.4999999999999996,301.56445886622811,300.03015580336853
0.51759340654340713,204.90707247955615,3.4999999999999996,301.56445886365771,300.03015582841778
0.51859340654340713,204.90707249871485,3.4999999999999996,301.56445886119576,300.03015585647046
0.51959340654340713,204.90707251958813,3.4999999999999996,301.56445885885347,300.03015588703363
0.52059340654340713,204.90707254185403,3.4999999999999996,301.56445885664016,300.03015591963594
0.52159340654340713,204.90707256520662,3.4999999999999996,301.56445885456321,300.03015595382936
0.52259340654340714,204.9070725893572,3.4999999999999996,301.56445885262826,300.03015598919131
0.52359340654340714,204.90707261403529,3.4999999999999996,301.56445885083923,300.0301560253256
0.52459340654340714,204.90707263898932,3.4999999999999996,301.5644588491985,300.03015606186392
0.52559340654340714,204.90707266398695,3.4999999999999996,301.56445884770704,300.03015609846608
0.52659340654340714,204.90707268881567,3.4999999999999996,301.56445884636446,300.03015613482091
0.52759340654340714,204.90707271328242,3.4999999999999996,301.5644588451691,300.03015617064574
0.52859340654340714,204.90707273721407,3.4999999999999996,301.56445884411835,300.03015620568709
0.52959340654340714,204.90707276045666,3.4999999999999996,301.56445884320851,300.03015623971947
0.53059340654340714,204.9070727828753,3.4999999999999996,301.5644588424351,300.03015627254541
0.53159340654340714,204.90707280435353,3.4999999999999996,301.56445884179277,300.03015630399437
0.53259340654340714,204.90707282479289,3.4999999999999996,301.56445884127567,300.03015633392221
0.53359340654340714,204.90707284411198,3.4999999999999996,301.56445884087731,300.03015636220971
0.53459340654340715,204.90707286224577,3.4999999999999996,301.56445884059082,300.03015638876167
0.53559340654340715,204.90707287914475,3.4999999999999996,301.56445884040892,300.03015641350561
0.53659340654340715,204.90707289477413,3.4999999999999996,301.56445884032416,300.03015643639054
0.53759340654340715,204.90707290911246,3.4999999999999996,301.56445884032888,300.03015645738509
0.53859340654340715,204.90707292215106,3.4999999999999996,301.56445884041534,300.03015647647652
0.53959340654340715,204.90707293389289,3.4999999999999996,301.56445884057581,300.03015649366921
0.54059340654340715,204.90707294435148,3.4999999999999996,301.56445884080256,300.03015650898294
0.54159340654340715,204.90707295354983,3.4999999999999996,301.56445884108797,300.03015652245142
0.54259340654340715,204.90707296151959,3.4999999999999996,301.56445884142465,300.03015653412092
0.54359340654340715,204.90707296829979,3.4999999999999996,301.56445884180533,300.03015654404868
0.54459340654340715,204.90707297393632,3.4999999999999996,301.56445884222308,300.03015655230183
0.54559340654340716,204.90707297848039,3.4999999999999996,301.56445884267117,300.03015655895535
0.54659340654340716,204.90707298198805,3.4999999999999996,301.56445884314326,300.03015656409139
0.54759340654340716,204.90707298451932,3.4999999999999996,301.56445884363336,300.03015656779775
0.54859340654340716,204.90707298613705,3.4999999999999996,301.56445884413586,300.03015657016647
0.54959340654340716,204.90707298690631,3.4999999999999996,301.5644588446454,300.03015657129282
0.55059340654340716,204.9070729868937,3.4999999999999996,301.56445884515716,300.03015657127435
0.55159340654340716,204.90707298616667,3.4999999999999996,301.56445884566671,300.03015657020984
0.55259340654340716,204.90707298479279,3.4999999999999996,301.56445884616994,300.03015656819815
0.55359340654340716,204.90707298283917,3.4999999999999996,301.56445884666323,300.03015656533762
0.55459340654340716,204.90707298037194,3.4999999999999996,301.56445884714327,300.03015656172505
0.55559340654340716,204.90707297745604,3.4999999999999996,301.56445884760723,300.03015655745548
0.55659340654340717,204.90707297415437,3.4999999999999996,301.56445884805254,300.03015655262112
0.55759340654340717,204.90707297052782,3.4999999999999996,301.56445884847716,300.03015654731104
0.55859340654340717,204.90707296663462,3.4999999999999996,301.56445884887933,300.03015654161049
0.55959340654340717,204.90707296253018,3.4999999999999996,301.56445884925756,300.03015653560067
0.56059340654340717,204.90707295826707,3.4999999999999996,301.56445884961079,300.03015652935852
0.56159340654340717,204.9070729538945,3.4999999999999996,301.56445884993821,300.03015652295608
0.56259340654340717,204.9070729494585,3.4999999999999996,301.5644588502393,300.03015651646081
0.56359340654340717,204.90707294500149,3.4999999999999996,301.5644588505138,300.03015650993473
0.56459340654340717,204.90707294056267,3.4999999999999996,301.56445885076175,300.03015650343531
0.56559340654340717,204.90707293617749,3.4999999999999996,301.56445885098333,300.03015649701439
0.56659340654340717,204.90707293187796,3.4999999999999996,301.56445885117898,300.03015649071892
0.56759340654340718,204.90707292769261,3.4999999999999996,301.56445885134929,300.03015648459063
0.56859340654340718,204.90707292364664,3.4999999999999996,301.56445885149498,300.03015647866641
0.56959340654340718,204.90707291976176,3.4999999999999996,301.56445885161696,300.03015647297804
0.57059340654340718,204.90707291605671,3.4999999999999996,301.56445885171632,300.03015646755301
0.57159340654340718,204.90707291254682,3.4999999999999996,301.56445885179409,300.03015646241374
0.57259340654340718,204.90707290924476,3.4999999999999996,301.56445885185155,300.03015645757881
0.57359340654340718,204.90707290616018,3.4999999999999996,301.56445885188992,300.03015645306226
0.57459340654340718,204.90707290330008,3.4999999999999996,301.56445885191056,300.03015644887444
0.57559340654340718,204.90707290066905,3.4999999999999996,301.56445885191476,300.03015644502204
0.57659340654340718,204.90707289826943,3.4999999999999996,301.56445885190396,300.03015644150844
0.57759340654340718,204.90707289610134,3.4999999999999996,301.56445885187952,300.03015643833385
0.57859340654340718,204.90707289416295,3.4999999999999996,301.5644588518428,300.03015643549566
0.57959340654340719,204.90707289245069,3.4999999999999996,301.56445885179522,300.03015643298852
0.58059340654340719,204.90707289095943,3.4999999999999996,301.56445885173804,300.03015643080494
0.58159340654340719,204.90707288968258,3.4999999999999996,301.56445885167261,300.03015642893536
0.58259340654340719,204.90707288861239,3.4999999999999996,301.56445885160019,300.03015642736835
0.58359340654340719,204.90707288773993,3.4999999999999996,301.56445885152198,300.03015642609085
0.58459340654340719,204.90707288705553,3.4999999999999996,301.5644588514391,300.03015642508876
0.58559340654340719,204.90707288654875,3.4999999999999996,301.5644588513527,300.03015642434673
0.58659340654340719,204.90707288620851,3.4999999999999996,301.56445885126374,300.03015642384855
0.58759340654340719,204.90707288602329,3.4999999999999996,301.56445885117324,300.03015642357735
0.58859340654340719,204.90707288598128,3.4999999999999996,301.56445885108207,300.03015642351585
0.58959340654340719,204.90707288607058,3.4999999999999996,301.56445885099106,300.03015642364659
0.5905934065434072,204.90707288627905,3.4999999999999996,301.56445885090091,300.03015642395184
0.5915934065434072,204.90707288659479,3.4999999999999996,301.56445885081234,300.03015642441414
0.5925934065434072,204.90707288700588,3.4999999999999996,301.56445885072594,300.03015642501606
0.5935934065434072,204.9070728875007,3.4999999999999996,301.56445885064227,300.03015642574059
0.5945934065434072,204.90707288806794,3.4999999999999996,301.56445885056178,300.03015642657118
0.5955934065434072,204.90707288869655,3.4999999999999996,301.56445885048487,300.03015642749159
0.5965934065434072,204.907072889376,3.4999999999999996,301.56445885041188,300.03015642848646
0.5975934065434072,204.90707289009623,3.4999999999999996,301.56445885034304,300.03015642954102
0.5985934065434072,204.90707289084773,3.4999999999999996,301.56445885027864,300.0301564306414
0.5995934065434072,204.90707289162151,3.4999999999999996,301.56445885021878,300.0301564317744
0.6005934065434072,204.90707289240922,3.4999999999999996,301.56445885016359,300.03015643292775
0.60159340654340721,204.90707289320309,3.4999999999999996,301.56445885011311,300.0301564340902
0.60259340654340721,204.90707289399589,3.4999999999999996,301.56445885006735,300.030156435251
0.60359340654340721,204.90707289478124,3.4999999999999996,301.56445885002631,300.03015643640094
0.60459340654340721,204.90707289555311,3.4999999999999996,301.56445884998993,300.03015643753116
0.60559340654340721,204.90707289630623,3.4999999999999996,301.5644588499581,300.03015643863387
0.60659340654340721,204.90707289703596,3.4999999999999996,301.5644588499307,300.03015643970235
0.60759340654340721,204.90707289773817,3.4999999999999996,301.56445884990762,300.03015644073059
0.60859340654340721,204.9070728984093,3.4999999999999996,301.56445884988864,300.03015644171325
0.60959340654340721,204.90707289904648,3.4999999999999996,301.56445884987352,300.03015644264622
0.61059340654340721,204.90707289964737,3.4999999999999996,301.56445884986215,300.0301564435261
0.61159340654340721,204.90707290020995,3.4999999999999996,301.56445884985425,300.03015644434981
0.61259340654340722,204.90707290073283,3.4999999999999996,301.56445884984959,300.03015644511544
0.61359340654340722,204.90707290121503,3.4999999999999996,301.56445884984788,300.03015644582149
0.61459340654340722,204.90707290165614,3.4999999999999996,301.56445884984896,300.03015644646734
0.61559340654340722,204.90707290205597,3.4999999999999996,301.56445884985254,300.03015644705278
0.61659340654340722,204.90707290241474,3.4999999999999996,301.5644588498584,300.03015644757812
0.61759340654340722,204.90707290273292,3.4999999999999996,301.5644588498663,300.03015644804401
0.61859340654340722,204.90707290301143,3.4999999999999996,301.56445884987596,300.03015644845181
0.61959340654340722,204.9070729032513,3.4999999999999996,301.56445884988716,300.03015644880304
0.62059340654340722,204.90707290345387,3.4999999999999996,301.56445884989967,300.03015644909965
0.62159340654340722,204.90707290362064,3.4999999999999996,301.56445884991331,300.03015644934385
0.62259340654340722,204.90707290375337,3.4999999999999996,301.5644588499278,300.0301564495382
0.62359340654340722,204.90707290385379,3.4999999999999996,301.56445884994304,300.03015644968519
0.62459340654340723,204.9070729039239,3.4999999999999996,301.56445884995878,300.03015644978785
0.62559340654340723,204.90707290396566,3.4999999999999996,301.56445884997481,300.03015644984902
0.62659340654340723,204.90707290398129,3.4999999999999996,301.56445884999101,300.03015644987187
0.62759340654340723,204.90707290397276,3.4999999999999996,301.56445885000727,300.03015644985942
0.62859340654340723,204.90707290394229,3.4999999999999996,301.56445885002341,300.0301564498148
0.62959340654340723,204.90707290389204,3.4999999999999996,301.56445885003927,300.03015644974124
0.63059340654340723,204.90707290382414,3.4999999999999996,301.56445885005479,300.03015644964182
0.63159340654340723,204.90707290374064,3.4999999999999996,301.56445885006985,300.03015644951955
0.63259340654340723,204.90707290364361,3.4999999999999996,301.56445885008441,300.03015644937744
0.63359340654340723,204.90707290353498,3.4999999999999996,301.56445885009833,300.0301564492184
0.63459340654340723,204.90707290341669,3.4999999999999996,301.56445885011158,300.03015644904519
0.63559340654340724,204.90707290329055,3.4999999999999996,301.56445885012408,300.03015644886051
0.63659340654340724,204.90707290315828,3.4999999999999996,301.56445885013585,300.03015644866684
0.63759340654340724,204.90707290302149,3.4999999999999996,301.56445885014676,300.03015644846653
0.63859340654340724,204.90707290288179,3.4999999999999996,301.56445885015688,300.03015644826201
0.63959340654340724,204.90707290274059,3.4999999999999996,301.56445885016615,300.03015644805527
0.64059340654340724,204.90707290259911,3.4999999999999996,301.56445885017456,300.03015644784807
0.64159340654340724,204.90707290245862,3.4999999999999996,301.56445885018212,300.03015644764236
0.64259340654340724,204.90707290232024,3.4999999999999996,301.56445885018888,300.03015644743977
0.64359340654340724,204.90707290218489,3.4999999999999996,301.5644588501948,300.03015644724155
0.64459340654340724,204.90707290205353,3.4999999999999996,301.56445885019991,300.03015644704919
0.64559340654340724,204.90707290192682,3.4999999999999996,301.56445885020429,300.03015644686371
0.64659340654340725,204.90707290180538,3.4999999999999996,301.56445885020793,300.03015644668585
0.64759340654340725,204.90707290168984,3.4999999999999996,301.56445885021083,300.03015644651668
0.64859340654340725,204.90707290158065,3.4999999999999996,301.5644588502131,300.03015644635684
0.64959340654340725,204.90707290147813,3.4999999999999996,301.56445885021469,300.03015644620672
0.65059340654340725,204.90707290138263,3.4999999999999996,301.56445885021571,300.03015644606688
0.65159340654340725,204.90707290129433,3.4999999999999996,301.56445885021617,300.03015644593756
0.65259340654340725,204.9070729012133,3.4999999999999996,301.56445885021611,300.03015644581893
0.65359340654340725,204.90707290113968,3.4999999999999996,301.5644588502156,300.03015644571116
0.65459340654340725,204.90707290107343,3.4999999999999996,301.56445885021469,300.03015644561413
0.65559340654340725,204.90707290101443,3.4999999999999996,301.56445885021338,300.03015644552772
0.65659340654340725,204.90707290096259,3.4999999999999996,301.56445885021179,300.03015644545184
0.65759340654340726,204.90707290091765,3.4999999999999996,301.56445885020992,300.03015644538607
0.65859340654340726,204.9070729008794,3.4999999999999996,301.56445885020776,300.03015644533002
0.65959340654340726,204.90707290084757,3.4999999999999996,301.56445885020537,300.03015644528341
0.66059340654340726,204.90707290082202,3.4999999999999996,301.56445885020281,300.03015644524601
0.66159340654340726,204.90707290080232,3.4999999999999996,301.56445885020014,300.03015644521719
0.66259340654340726,204.90707290078814,3.4999999999999996,301.56445885019735,300.03015644519638
0.66359340654340726,204.9070729007791,3.4999999999999996,301.56445885019451,300.03015644518314
0.66459340654340726,204.90707290077484,3.4999999999999996,301.56445885019161,300.03015644517694
0.66559340654340726,204.90707290077506,3.4999999999999996,301.56445885018871,300.03015644517728
0.66659340654340726,204.90707290077933,3.4999999999999996,301.56445885018582,300.03015644518348
0.66759340654340726,204.90707290078723,3.4999999999999996,301.56445885018297,300.03015644519508
0.66859340654340726,204.9070729007984,3.4999999999999996,301.56445885018019,300.03015644521145
0.66959340654340727,204.90707290081247,3.4999999999999996,301.56445885017746,300.03015644523202
0.67059340654340727,204.90707290082909,3.4999999999999996,301.56445885017484,300.03015644525635
0.67159340654340727,204.90707290084782,3.4999999999999996,301.56445885017234,300.03015644528381
0.67259340654340727,204.90707290086837,3.4999999999999996,301.56445885016996,300.03015644531388
0.67359340654340727,204.90707290089046,3.4999999999999996,301.56445885016768,300.03015644534622
0.67459340654340727,204.90707290091368,3.4999999999999996,301.56445885016558,300.03015644538021
0.67559340654340727,204.90707290093781,3.4999999999999996,301.56445885016359,300.03015644541557
0.67659340654340727,204.90707290096253,3.4999999999999996,301.56445885016177,300.03015644545178
0.67759340654340727,204.90707290098757,3.4999999999999996,301.56445885016007,300.03015644548844
0.67859340654340727,204.90707290101275,3.4999999999999996,301.56445885015853,300.03015644552528
0.67959340654340727,204.90707290103776,3.4999999999999996,301.56445885015717,300.03015644556189
0.68059340654340728,204.90707290106243,3.4999999999999996,301.56445885015592,300.03015644559804
0.68159340654340728,204.90707290108659,3.4999999999999996,301.56445885015484,300.03015644563339
0.68259340654340728,204.90707290111007,3.4999999999999996,301.56445885015387,300.03015644566779
0.68359340654340728,204.90707290113284,3.4999999999999996,301.56445885015307,300.0301564457011
0.68459340654340728,204.90707290115463,3.4999999999999996,301.56445885015239,300.03015644573304
0.68559340654340728,204.90707290117541,3.4999999999999996,301.56445885015182,300.03015644576345
0.68659340654340728,204.90707290119516,3.4999999999999996,301.56445885015137,300.03015644579239
0.68759340654340728,204.90707290121375,3.4999999999999996,301.56445885015103,300.03015644581961
0.68859340654340728,204.90707290123109,3.4999999999999996,301.5644588501508,300.03015644584497
0.68959340654340728,204.9070729012472,3.4999999999999996,301.56445885015069,300.03015644586856
0.69059340654340728,204.90707290126204,3.4999999999999996,301.56445885015069,300.03015644589033
0.69159340654340729,204.90707290127554,3.4999999999999996,301.56445885015074,300.03015644591005
0.69259340654340729,204.90707290128776,3.4999999999999996,301.56445885015086,300.03015644592796
0.69359340654340729,204.9070729012987,3.4999999999999996,301.56445885015108,300.03015644594399
0.69459340654340729,204.90707290130834,3.4999999999999996,301.56445885015137,300.03015644595808
0.69559340654340729,204.90707290131672,3.4999999999999996,301.56445885015171,300.03015644597036
0.69659340654340729,204.90707290132389,3.4999999999999996,301.56445885015211,300.03015644598088
0.69759340654340729,204.90707290132985,3.4999999999999996,301.5644588501525,300.03015644598958
0.69859340654340729,204.90707290133469,3.4999999999999996,301.56445885015296,300.03015644599668
0.69959340654340729,204.90707290133847,3.4999999999999996,301.56445885015341,300.0301564460022
0.70059340654340729,204.90707290134128,3.4999999999999996,301.56445885015393,300.03015644600634
0.70159340654340729,204.90707290134313,3.4999999999999996,301.56445885015444,300.03015644600902
0.7025934065434073,204.90707290134409,3.4999999999999996,301.56445885015495,300.03015644601044
0.7035934065434073,204.90707290134418,3.4999999999999996,301.56445885015546,300.03015644601055
0.7045934065434073,204.90707290134358,3.4999999999999996,301.56445885015597,300.0301564460097
0.7055934065434073,204.90707290134233,3.4999999999999996,301.56445885015648,300.03015644600788
0.7065934065434073,204.90707290134046,3.4999999999999996,301.564458850157,300.03015644600509
0.7075934065434073,204.9070729013381,3.4999999999999996,301.56445885015745,300.03015644600168
0.7085934065434073,204.90707290133528,3.4999999999999996,301.56445885015791,300.03015644599753
0.7095934065434073,204.90707290133204,3.4999999999999996,301.56445885015836,300.03015644599282
0.7105934065434073,204.90707290132855,3.4999999999999996,301.56445885015881,300.0301564459877
0.7115934065434073,204.90707290132471,3.4999999999999996,301.56445885015921,300.03015644598207
0.7125934065434073,204.90707290132065,3.4999999999999996,301.56445885015961,300.0301564459761
0.7135934065434073,204.90707290131635,3.4999999999999996,301.56445885015995,300.03015644596985
0.71459340654340731,204.90707290131201,3.4999999999999996,301.56445885016029,300.03015644596348
0.71559340654340731,204.9070729013076,3.4999999999999996,301.56445885016058,300.030156445957
0.71659340654340731,204.90707290130314,3.4999999999999996,301.56445885016086,300.03015644595047
0.71759340654340731,204.9070729012987,3.4999999999999996,301.56445885016109,300.03015644594399
0.71859340654340731,204.90707290129433,3.4999999999999996,301.56445885016132,300.03015644593756
0.71959340654340731,204.90707290129001,3.4999999999999996,301.56445885016154,300.03015644593125
0.72059340654340731,204.9070729012858,3.4999999999999996,301.56445885016171,300.03015644592512
0.72159340654340731,204.90707290128177,3.4999999999999996,301.56445885016188,300.0301564459192
0.72259340654340731,204.90707290127787,3.4999999999999996,301.564458850162,300.03015644591346
0.72359340654340731,204.90707290127415,3.4999999999999996,301.56445885016211,300.03015644590801
0.72459340654340731,204.9070729012706,3.4999999999999996,301.56445885016217,300.03015644590283
0.72559340654340732,204.90707290126724,3.4999999999999996,301.56445885016223,300.03015644589794
0.72659340654340732,204.90707290126414,3.4999999999999996,301.56445885016228,300.0301564458934
0.72759340654340732,204.90707290126122,3.4999999999999996,301.56445885016228,300.03015644588908
0.72859340654340732,204.90707290125854,3.4999999999999996,301.56445885016228,300.03015644588521
0.72959340654340732,204.90707290125613,3.4999999999999996,301.56445885016228,300.03015644588163
0.73059340654340732,204.90707290125391,3.4999999999999996,301.56445885016228,300.03015644587839
0.73159340654340732,204.90707290125189,3.4999999999999996,301.56445885016223,300.03015644587543
0.73259340654340732,204.90707290125019,3.4999999999999996,301.56445885016217,300.03015644587293
0.73359340654340732,204.90707290124868,3.4999999999999996,301.56445885016211,300.03015644587072
0.73459340654340732,204.90707290124743,3.4999999999999996,301.56445885016205,300.0301564458689
0.73559340654340732,204.90707290124635,3.4999999999999996,301.564458850162,300.03015644586731
0.73659340654340733,204.90707290124547,3.4999999999999996,301.56445885016194,300.03015644586606
0.73759340654340733,204.90707290124473,3.4999999999999996,301.56445885016188,300.03015644586498
0.73859340654340733,204.90707290124416,3.4999999999999996,301.56445885016183,300.03015644586412
0.73959340654340733,204.90707290124371,3.4999999999999996,301.56445885016171,300.03015644586344
0.74059340654340733,204.90707290124345,3.4999999999999996,301.5644588501616,300.0301564458631
0.74159340654340733,204.90707290124334,3.4999999999999996,301.56445885016149,300.03015644586293
0.74259340654340733,204.9070729012434,3.4999999999999996,301.56445885016137,300.03015644586299
0.74359340654340733,204.90707290124362,3.4999999999999996,301.56445885016126,300.03015644586333
0.74459340654340733,204.90707290124399,3.4999999999999996,301.56445885016115,300.03015644586389
0.74559340654340733,204.9070729012445,3.4999999999999996,301.56445885016109,300.03015644586463
0.74659340654340733,204.90707290124502,3.4999999999999996,301.56445885016103,300.03015644586537
0.74759340654340734,204.90707290124558,3.4999999999999996,301.56445885016097,300.03015644586623
0.74859340654340734,204.90707290124615,3.4999999999999996,301.56445885016092,300.03015644586702
0.74959340654340734,204.90707290124678,3.4999999999999996,301.56445885016086,300.03015644586793
0.75059340654340734,204.90707290124743,3.4999999999999996,301.5644588501608,300.0301564458689
0.75159340654340734,204.90707290124811,3.4999999999999996,301.56445885016075,300.03015644586992
0.75259340654340734,204.9070729012488,3.4999999999999996,301.56445885016069,300.03015644587089
0.75359340654340734,204.90707290124948,3.4999999999999996,301.56445885016063,300.03015644587191
0.75459340654340734,204.90707290125022,3.4999999999999996,301.56445885016058,300.03015644587299
0.75559340654340734,204.90707290125093,3.4999999999999996,301.56445885016052,300.03015644587401
0.75659340654340734,204.90707290125169,3.4999999999999996,301.56445885016046,300.03015644587515
0.75759340654340734,204.90707290125243,3.4999999999999996,301.56445885016041,300.03015644587623
0.75859340654340734,204.90707290125323,3.4999999999999996,301.56445885016035,300.03015644587742
0.75959340654340735,204.907072901254,3.4999999999999996,301.56445885016029,300.0301564458785
0.76059340654340735,204.90707290125482,3.4999999999999996,301.56445885016029,300.03015644587975
0.76159340654340735,204.90707290125556,3.4999999999999996,301.56445885016029,300.03015644588083
0.76259340654340735,204.90707290125624,3.4999999999999996,301.56445885016029,300.0301564458818
0.76359340654340735,204.90707290125687,3.4999999999999996,301.56445885016029,300.03015644588271
0.76459340654340735,204.90707290125744,3.4999999999999996,301.56445885016029,300.03015644588356
0.76559340654340735,204.90707290125795,3.4999999999999996,301.56445885016029,300.0301564458843
0.76659340654340735,204.9070729012584,3.4999999999999996,301.56445885016029,300.03015644588498
0.76759340654340735,204.90707290125883,3.4999999999999996,301.56445885016029,300.03015644588561
0.76859340654340735,204.90707290125923,3.4999999999999996,301.56445885016029,300.03015644588618
0.76959340654340735,204.90707290125957,3.4999999999999996,301.56445885016029,300.03015644588669
0.77059340654340736,204.90707290125988,3.4999999999999996,301.56445885016029,300.03015644588714
0.77159340654340736,204.90707290126016,3.4999999999999996,301.56445885016029,300.03015644588754
0.77259340654340736,204.90707290126042,3.4999999999999996,301.56445885016029,300.03015644588794
0.77359340654340736,204.90707290126068,3.4999999999999996,301.56445885016029,300.03015644588828
0.77459340654340736,204.9070729012609,3.4999999999999996,301.56445885016029,300.03015644588862
0.77559340654340736,204.9070729012611,3.4999999999999996,301.56445885016029,300.03015644588891
0.77659340654340736,204.90707290126127,3.4999999999999996,301.56445885016029,300.03015644588919
0.77759340654340736,204.90707290126144,3.4999999999999996,301.56445885016029,300.03015644588942
0.77859340654340736,204.90707290126159,3.4999999999999996,301.56445885016029,300.03015644588965
0.77959340654340736,204.90707290126173,3.4999999999999996,301.56445885016029,300.03015644588987
0.78059340654340736,204.90707290126184,3.4999999999999996,301.56445885016029,300.03015644588999
0.78159340654340737,204.90707290126196,3.4999999999999996,301.56445885016029,300.03015644589016
0.78259340654340737,204.90707290126207,3.4999999999999996,301.56445885016029,300.03015644589033
0.78359340654340737,204.90707290126215,3.4999999999999996,301.56445885016029,300.03015644589044
0.78459340654340737,204.90707290126224,3.4999999999999996,301.56445885016029,300.03015644589061
0.78559340654340737,204.90707290126232,3.4999999999999996,301.56445885016029,300.03015644589073
0.78659340654340737,204.90707290126238,3.4999999999999996,301.56445885016029,300.03015644589078
0.78759340654340737,204.90707290126244,3.4999999999999996,301.56445885016029,300.0301564458909
0.78859340654340737,204.9070729012625,3.4999999999999996,301.56445885016029,300.03015644589095
0.78959340654340737,204.90707290126255,3.4999999999999996,301.56445885016029,300.03015644589107
0.79059340654340737,204.90707290126261,3.4999999999999996,301.56445885016029,300.03015644589112
0.79159340654340737,204.90707290126267,3.4999999999999996,301.56445885016029,300.03015644589124
0.79259340654340737,204.90707290126269,3.4999999999999996,301.56445885016029,300.03015644589124
0.79359340654340738,204.90707290126272,3.4999999999999996,301.56445885016029,300.03015644589129
0.79459340654340738,204.90707290126275,3.4999999999999996,301.56445885016029,300.03015644589135
0.79559340654340738,204.90707290126278,3.4999999999999996,301.56445885016029,300.03015644589141
0.79659340654340738,204.90707290126281,3.4999999999999996,301.56445885016029,300.03015644589141
0.79759340654340738,204.90707290126284,3.4999999999999996,301.56445885016029,300.03015644589146
0.79859340654340738,204.90707290126286,3.4999999999999996,301.56445885016029,300.03015644589152
0.79959340654340738,204.90707290126289,3.4999999999999996,301.56445885016029,300.03015644589158
0.80059340654340738,204.90707290126292,3.4999999999999996,301.56445885016029,300.03015644589158
0.80159340654340738,204.90707290126295,3.4999999999999996,301.56445885016029,300.03015644589163
0.80259340654340738,204.90707290126298,3.4999999999999996,301.56445885016029,300.03015644589169
0.80359340654340738,204.90707290126298,3.4999999999999996,301.56445885016029,300.03015644589169
0.80459340654340739,204.90707290126298,3.4999999999999996,301.56445885016029,300.03015644589169
0.80559340654340739,204.90707290126298,3.4999999999999996,301.56445885016029,300.03015644589169
0.80659340654340739,204.90707290126298,3.4999999999999996,301.56445885016029,300.03015644589169
0.80759340654340739,204.90707290126298,3.4999999999999996,301.56445885016029,300.03015644589169
0.80859340654340739,204.90707290126298,3.4999999999999996,301.56445885016029,300.03015644589169
0.80959340654340739,204.90707290126298,3.4999999999999996,301.56445885016029,300.03015644589169
0.81059340654340739,204.90707290126298,3.4999999999999996,301.56445885016029,300.03015644589169
0.81159340654340739,204.90707290126298,3.4999999999999996,301.56445885016029,300.03015644589169
0.81259340654340739,204.90707290126298,3.4999999999999996,301.56445885016029,300.03015644589169
0.81359340654340739,204.90707290126298,3.4999999999999996,301.56445885016029,300.03015644589169
0.81459340654340739,204.90707290126298,3.4999999999999996,301.56445885016029,300.03015644589169
0.8155934065434074,204.90707290126298,3.4999999999999996,301.56445885016029,300.03015644589169
0.8165934065434074,204.90707290126298,3.4999999999999996,301.56445885016029,300.03015644589169
0.8175934065434074,204.90707290126298,3.4999999999999996,301.56445885016029,300.03015644589169
0.8185934065434074,204.90707290126298,3.4999999999999996,301.56445885016029,300.03015644589169
0.8195934065434074,204.90707290126298,3.4999999999999996,301.56445885016029,300.03015644589169
0.8205934065434074,204.90707290126298,3.4999999999999996,301.56445885016029,300.03015644589169
0.8215934065434074,204.90707290126298,3.4999999999999996,301.56445885016029,300.03015644589169
0.8225934065434074,204.90707290126298,3.4999999999999996,301.56445885016029,300.03015644589169
0.8235934065434074,204.90707290126298,3.4999999999999996,301.56445885016029,300.03015644589169
0.8245934065434074,204.90707290126298,3.4999999999999996,301.56445885016029,300.03015644589169
0.8255934065434074,204.90707290126298,3.4999999999999996,301.56445885016029,300.03015644589169
0.82659340654340741,204.90707290126298,3.4999999999999996,301.56445885016029,300.03015644589169
0.82759340654340741,204.90707290126298,3.4999999999999996,301.56445885016029,300.03015644589169
0.82859340654340741,204.90707290126298,3.4999999999999996,301.56445885016029,300.03015644589169
0.82959340654340741,204.90707290126298,3.4999999999999996,301.56445885016029,300.03015644589169
0.83059340654340741,204.90707290126298,3.4999999999999996,301.56445885016029,300.03015644589169
0.83159340654340741,204.90707290126298,3.4999999999999996,301.56445885016029,300.03015644589169
0.83259340654340741,204.90707290126298,3.4999999999999996,301.56445885016029,300.03015644589169
0.83359340654340741,204.90707290126298,3.4999999999999996,301.56445885016029,300.03015644589169
0.83459340654340741,204.90707290126298,3.4999999999999996,301.56445885016029,300.03015644589169
0.83559340654340741,204.90707290126298,3.4999999999999996,301.56445885016029,300.03015644589169
0.83659340654340741,204.90707290126298,3.4999999999999996,301.56445885016029,300.03015644589169
0.83759340654340741,204.90707290126298,3.4999999999999996,301.56445885016029,300.03015644589169
0.83859340654340742,204.90707290126298,3.4999999999999996,301.56445885016029,300.03015644589169
0.83959340654340742,204.90707290126298,3.4999999999999996,301.56445885016029,300.03015644589169
0.84059340654340742,204.90707290126298,3.4999999999999996,301.56445885016029,300.03015644589169
0.84159340654340742,204.90707290126298,3.4999999999999996,301.56445885016029,300.03015644589169
0.84259340654340742,204.90707290126298,3.4999999999999996,301.56445885016029,300.03015644589169
0.84359340654340742,204.90707290126298,3.4999999999999996,301.56445885016029,300.03015644589169
0.84459340654340742,204.90707290126298,3.4999999999999996,301.56445885016029,300.03015644589169
0.84559340654340742,204.90707290126298,3.4999999999999996,301.56445885016029,300.03015644589169
0.84659340654340742,204.90707290126298,3.4999999999999996,301.56445885016029,300.03015644589169
0.84759340654340742,204.90707290126298,3.4999999999999996,301.56445885016029,300.03015644589169
0.84859340654340742,204.90707290126298,3.4999999999999996,301.56445885016029,300.03015644589169
0.84959340654340743,204.90707290126298,3.4999999999999996,301.56445885016029,300.03015644589169
0.85059340654340743,204.90707290126298,3.4999999999999996,301.56445885016029,300.03015644589169
0.85159340654340743,204.90707290126298,3.4999999999999996,301.56445885016029,300.03015644589169
0.85259340654340743,204.90707290126298,3.4999999999999996,301.56445885016029,300.03015644589169
0.85359340654340743,204.90707290126298,3.4999999999999996,301.56445885016029,300.03015644589169
0.85459340654340743,204.90707290126298,3.4999999999999996,301.56445885016029,300.03015644589169
0.85559340654340743,204.90707290126298,3.4999999999999996,301.56445885016029,300.03015644589169
0.85659340654340743,204.90707290126298,3.4999999999999996,301.56445885016029,300.03015644589169
0.85759340654340743,204.90707290126298,3.4999999999999996,301.56445885016029,300.03015644589169
0.85859340654340743,204.90707290126298,3.4999999999999996,301.56445885016029,300.03015644589169
0.85959340654340743,204.90707290126298,3.4999999999999996,301.56445885016029,300.03015644589169
0.86059340654340744,204.90707290126298,3.4999999999999996,301.56445885016029,300.03015644589169
0.86159340654340744,204.90707290126298,3.4999999999999996,301.56445885016029,300.03015644589169
0.86259340654340744,204.90707290126298,3.4999999999999996,301.56445885016029,300.03015644589169
0.86359340654340744,204.90707290126298,3.4999999999999996,301.56445885016029,300.03015644589169
0.86459340654340744,204.90707290126298,3.4999999999999996,301.56445885016029,300.03015644589169
0.86559340654340744,204.90707290126298,3.4999999999999996,301.56445885016029,300.03015644589169
0.86659340654340744,204.90707290126298,3.4999999999999996,301.56445885016029,300.03015644589169
0.86759340654340744,204.90707290126298,3.4999999999999996,301.56445885016029,300.03015644589169
0.86859340654340744,204.90707290126298,3.4999999999999996,301.56445885016029,300.03015644589169
0.86959340654340744,204.90707290126298,3.4999999999999996,301.56445885016029,300.03015644589169
0.87059340654340744,204.90707290126298,3.4999999999999996,301.56445885016029,300.03015644589169
0.87159340654340745,204.90707290126298,3.4999999999999996,301.56445885016029,300.03015644589169
0.87259340654340745,204.90707290126298,3.4999999999999996,301.56445885016029,300.03015644589169
0.87359340654340745,204.90707290126298,3.4999999999999996,301.56445885016029,300.03015644589169
0.87459340654340745,204.90707290126298,3.4999999999999996,301.56445885016029,300.03015644589169
0.87559340654340745,204.90707290126298,3.4999999999999996,301.56445885016029,300.03015644589169
0.87659340654340745,204.90707290126298,3.4999999999999996,301.56445885016029,300.03015644589169
0.87759340654340745,204.90707290126298,3.4999999999999996,301.56445885016029,300.03015644589169
0.87859340654340745,204.90707290126298,3.4999999999999996,301.56445885016029,300.03015644589169
0.87959340654340745,204.90707290126298,3.4999999999999996,301.56445885016029,300.03015644589169
0.88059340654340745,204.90707290126298,3.4999999999999996,301.56445885016029,300.03015644589169
0.88159340654340745,204.90707290126298,3.4999999999999996,301.56445885016029,300.03015644589169
0.88259340654340745,204.90707290126298,3.4999999999999996,301.56445885016029,300.03015644589169
0.88359340654340746,204.90707290126298,3.4999999999999996,301.56445885016029,300.03015644589169
0.88459340654340746,204.90707290126298,3.4999999999999996,301.56445885016029,300.03015644589169
0.88559340654340746,204.90707290126298,3.4999999999999996,301.56445885016029,300.03015644589169
0.88659340654340746,204.90707290126298,3.4999999999999996,301.56445885016029,300.03015644589169
0.88759340654340746,204.90707290126298,3.4999999999999996,301.56445885016029,300.03015644589169
0.88859340654340746,204.90707290126298,3.4999999999999996,301.56445885016029,300.03015644589169
0.88959340654340746,204.90707290126298,3.4999999999999996,301.56445885016029,300.03015644589169
0.89059340654340746,204.90707290126298,3.4999999999999996,301.56445885016029,300.03015644589169
0.89159340654340746,204.90707290126298,3.4999999999999996,301.56445885016029,300.03015644589169
0.89259340654340746,204.90707290126298,3.4999999999999996,301.56445885016029,300.03015644589169
0.89359340654340746,204.90707290126298,3.4999999999999996,301.56445885016029,300.03015644589169
0.89459340654340747,204.90707290126298,3.4999999999999996,301.56445885016029,300.03015644589169
0.89559340654340747,204.90707290126298,3.4999999999999996,301.56445885016029,300.03015644589169
0.89659340654340747,204.90707290126298,3.4999999999999996,301.56445885016029,300.03015644589169
0.89759340654340747,204.90707290126298,3.4999999999999996,301.56445885016029,300.03015644589169
0.89859340654340747,204.90707290126298,3.4999999999999996,301.56445885016029,300.03015644589169
0.89959340654340747,204.90707290126298,3.4999999999999996,301.56445885016029,300.03015644589169
0.90059340654340747,204.90707290126298,3.4999999999999996,301.56445885016029,300.03015644589169
0.90159340654340747,204.90707290126298,3.4999999999999996,301.56445885016029,300.03015644589169
0.90259340654340747,204.90707290126298,3.4999999999999996,301.56445885016029,300.03015644589169
0.90359340654340747,204.90707290126298,3.4999999999999996,301.56445885016029,300.03015644589169
0.90459340654340747,204.90707290126298,3.4999999999999996,301.56445885016029,300.03015644589169
0.90559340654340748,204.90707290126298,3.4999999999999996,301.56445885016029,300.03015644589169
0.90659340654340748,204.90707290126298,3.4999999999999996,301.56445885016029,300.03015644589169
0.90759340654340748,204.90707290126298,3.4999999999999996,301.56445885016029,300.03015644589169
0.90859340654340748,204.90707290126298,3.4999999999999996,301.56445885016029,300.03015644589169
0.90959340654340748,204.90707290126298,3.4999999999999996,301.56445885016029,300.03015644589169
0.91059340654340748,204.90707290126298,3.4999999999999996,301.56445885016029,300.03015644589169
0.91159340654340748,204.90707290126298,3.4999999999999996,301.56445885016029,300.03015644589169
0.91259340654340748,204.90707290126298,3.4999999999999996,301.56445885016029,300.03015644589169
0.91359340654340748,204.90707290126298,3.4999999999999996,301.56445885016029,300.03015644589169
0.91459340654340748,204.90707290126298,3.4999999999999996,301.56445885016029,300.03015644589169
0.91559340654340748,204.90707290126298,3.4999999999999996,301.56445885016029,300.03015644589169
0.91659340654340749,204.90707290126298,3.4999999999999996,301.56445885016029,300.03015644589169
0.91759340654340749,204.90707290126298,3.4999999999999996,301.56445885016029,300.03015644589169
0.91859340654340749,204.90707290126298,3.4999999999999996,301.56445885016029,300.03015644589169
0.91959340654340749,204.90707290126298,3.4999999999999996,301.56445885016029,300.03015644589169
0.92059340654340749,204.90707290126298,3.4999999999999996,301.56445885016029,300.03015644589169
0.92159340654340749,204.90707290126298,3.4999999999999996,301.56445885016029,300.03015644589169
0.92259340654340749,204.90707290126298,3.4999999999999996,301.56445885016029,300.03015644589169
0.92359340654340749,204.90707290126298,3.4999999999999996,301.56445885016029,300.03015644589169
0.92459340654340749,204.90707290126298,3.4999999999999996,301.56445885016029,300.03015644589169
0.92559340654340749,204.90707290126298,3.4999999999999996,301.56445885016029,300.03015644589169
0.92659340654340749,204.90707290126298,3.4999999999999996,301.56445885016029,300.03015644589169
0.92759340654340749,204.90707290126298,3.4999999999999996,301.56445885016029,300.03015644589169
0.9285934065434075,204.90707290126298,3.4999999999999996,301.56445885016029,300.03015644589169
0.9295934065434075,204.90707290126298,3.4999999999999996,301.56445885016029,300.03015644589169
0.9305934065434075,204.90707290126298,3.4999999999999996,301.56445885016029,300.03015644589169
0.9315934065434075,204.90707290126298,3.4999999999999996,301.56445885016029,300.03015644589169
0.9325934065434075,204.90707290126298,3.4999999999999996,301.56445885016029,300.03015644589169
0.9335934065434075,204.90707290126298,3.4999999999999996,301.56445885016029,300.03015644589169
0.9345934065434075,204.90707290126298,3.4999999999999996,301.56445885016029,300.03015644589169
0.9355934065434075,204.90707290126298,3.4999999999999996,301.56445885016029,300.03015644589169
0.9365934065434075,204.90707290126298,3.4999999999999996,301.56445885016029,300.03015644589169
0.9375934065434075,204.90707290126298,3.4999999999999996,301.56445885016029,300.03015644589169
0.9385934065434075,204.90707290126298,3.4999999999999996,301.56445885016029,300.03015644589169
0.93959340654340751,204.90707290126298,3.4999999999999996,301.56445885016029,300.03015644589169
0.94059340654340751,204.90707290126298,3.4999999999999996,301.56445885016029,300.03015644589169
0.94159340654340751,204.90707290126298,3.4999999999999996,301.56445885016029,300.03015644589169
0.94259340654340751,204.90707290126298,3.4999999999999996,301.56445885016029,300.03015644589169
0.94359340654340751,204.90707290126298,3.4999999999999996,301.56445885016029,300.03015644589169
0.94459340654340751,204.90707290126298,3.4999999999999996,301.56445885016029,300.03015644589169
0.94559340654340751,204.90707290126298,3.4999999999999996,301.56445885016029,300.03015644589169
0.94659340654340751,204.90707290126298,3.4999999999999996,301.56445885016029,300.03015644589169
0.94759340654340751,204.90707290126298,3.4999999999999996,301.56445885016029,300.03015644589169
0.94859340654340751,204.90707290126298,3.4999999999999996,301.56445885016029,300.03015644589169
0.94959340654340751,204.90707290126298,3.4999999999999996,301.56445885016029,300.03015644589169
0.95059340654340752,204.90707290126298,3.4999999999999996,301.56445885016029,300.03015644589169
0.95159340654340752,204.90707290126298,3.4999999999999996,301.56445885016029,300.03015644589169
0.95259340654340752,204.90707290126298,3.4999999999999996,301.56445885016029,300.03015644589169
0.95359340654340752,204.90707290126298,3.4999999999999996,301.56445885016029,300.03015644589169
0.95459340654340752,204.90707290126298,3.4999999999999996,301.56445885016029,300.03015644589169
0.95559340654340752,204.90707290126298,3.4999999999999996,301.56445885016029,300.03015644589169
0.95659340654340752,204.90707290126298,3.4999999999999996,301.56445885016029,300.03015644589169
0.95759340654340752,204.90707290126298,3.4999999999999996,301.56445885016029,300.03015644589169
0.95859340654340752,204.90707290126298,3.4999999999999996,301.56445885016029,300.03015644589169
0.95959340654340752,204.90707290126298,3.4999999999999996,301.56445885016029,300.03015644589169
0.96059340654340752,204.90707290126298,3.4999999999999996,301.56445885016029,300.03015644589169
0.96159340654340753,204.90707290126298,3.4999999999999996,301.56445885016029,300.03015644589169
0.96259340654340753,204.90707290126298,3.4999999999999996,301.56445885016029,300.03015644589169
0.96359340654340753,204.90707290126298,3.4999999999999996,301.56445885016029,300.03015644589169
0.96459340654340753,204.90707290126298,3.4999999999999996,301.56445885016029,300.03015644589169
0.96559340654340753,204.90707290126298,3.4999999999999996,301.56445885016029,300.03015644589169
0.96659340654340753,204.90707290126298,3.4999999999999996,301.56445885016029,300.03015644589169
0.96759340654340753,204.90707290126298,3.4999999999999996,301.56445885016029,300.03015644589169
0.96859340654340753,204.90707290126298,3.4999999999999996,301.56445885016029,300.03015644589169
0.96959340654340753,204.90707290126298,3.4999999999999996,301.56445885016029,300.03015644589169
0.97059340654340753,204.90707290126298,3.4999999999999996,301.56445885016029,300.03015644589169
0.97159340654340753,204.90707290126298,3.4999999999999996,301.56445885016029,300.03015644589169
0.97259340654340753,204.90707290126298,3.4999999999999996,301.56445885016029,300.03015644589169
0.97359340654340754,204.90707290126298,3.4999999999999996,301.56445885016029,300.03015644589169
0.97459340654340754,204.90707290126298,3.4999999999999996,301.56445885016029,300.03015644589169
0.97559340654340754,204.90707290126298,3.4999999999999996,301.56445885016029,300.03015644589169
0.97659340654340754,204.90707290126298,3.4999999999999996,301.56445885016029,300.03015644589169
0.97759340654340754,204.90707290126298,3.4999999999999996,301.56445885016029,300.03015644589169
0.97859340654340754,204.90707290126298,3.4999999999999996,301.56445885016029,300.03015644589169
0.97959340654340754,204.90707290126298,3.4999999999999996,301.56445885016029,300.03015644589169
0.98059340654340754,204.90707290126298,3.4999999999999996,301.56445885016029,300.03015644589169
0.98159340654340754,204.90707290126298,3.4999999999999996,301.56445885016029,300.03015644589169
0.98259340654340754,204.90707290126298,3.4999999999999996,301.56445885016029,300.03015644589169
0.98359340654340754,204.90707290126298,3.4999999999999996,301.56445885016029,300.03015644589169
0.98459340654340755,204.90707290126298,3.4999999999999996,301.56445885016029,300.03015644589169
0.98559340654340755,204.90707290126298,3.4999999999999996,301.56445885016029,300.03015644589169
0.98659340654340755,204.90707290126298,3.4999999999999996,301.56445885016029,300.03015644589169
0.98759340654340755,204.90707290126298,3.4999999999999996,301.56445885016029,300.03015644589169
0.98859340654340755,204.90707290126298,3.4999999999999996,301.56445885016029,300.03015644589169
0.98959340654340755,204.90707290126298,3.4999999999999996,301.56445885016029,300.03015644589169
0.99059340654340755,204.90707290126298,3.4999999999999996,301.56445885016029,300.03015644589169
0.99159340654340755,204.90707290126298,3.4999999999999996,301.56445885016029,300.03015644589169
0.99259340654340755,204.90707290126298,3.4999999999999996,301.56445885016029,300.03015644589169
0.99359340654340755,204.90707290126298,3.4999999999999996,301.56445885016029,300.03015644589169
0.99459340654340755,204.90707290126298,3.4999999999999996,301.56445885016029,300.03015644589169
0.99559340654340756,204.90707290126298,3.4999999999999996,301.56445885016029,300.03015644589169
0.99659340654340756,204.90707290126298,3.4999999999999996,301.56445885016029,300.03015644589169
0.99759340654340756,204.90707290126298,3.4999999999999996,301.56445885016029,300.03015644589169
0.99859340654340756,204.90707290126298,3.4999999999999996,301.56445885016029,300.03015644589169
0.99959340654340756,204.90707290126298,3.4999999999999996,301.56445885016029,300.03015644589169
1,204.90707290126298,3.4999999999999996,301.56445885016029,300.03015644589169
